complaint_id,complaint_ref,issue_id,department,old_case_id,old_is_duplicate,valid_existing_case_exists,correct_issue_retrieved_top5,correct_candidate_positions,stsb_winner_case_id,stsb_winner_issue_id,stsb_winner_score,rerank_correct,candidate_case_ids,candidate_issue_ids,threshold_0.5858_merge,threshold_0.5858_correct_merge,threshold_0.5858_false_merge,threshold_0.5858_uncertain_merge,threshold_0.6469_merge,threshold_0.6469_correct_merge,threshold_0.6469_false_merge,threshold_0.6469_uncertain_merge
1251,349,no_response_from_support,Customer Success,488,True,True,True,"1,4",488,no_response_from_support,0.8722865581512451,True,"488,643,670,699,140","no_response_from_support,None,None,no_response_from_support,None",True,True,False,False,True,True,False,False
1252,43,password_reset_broken,Authentication,675,True,True,True,"2,3",675,,0.9702127575874329,False,"675,669,704,115,128","None,password_reset_broken,password_reset_broken,None,None",True,False,False,True,True,False,False,True
1334,126,double_charged,Payments,685,True,True,True,1,685,double_charged,0.8558571934700012,True,"685,619,696,684,26","double_charged,None,None,wallet_balance_incorrect,None",True,True,False,False,True,True,False,False
1175,456,notifications_not_sent,Platform,66,True,True,True,"2,3",646,,0.7553703784942627,False,"646,66,352,62,192","None,notifications_not_sent,notifications_not_sent,None,None",True,False,False,True,True,False,False,True
1253,88,account_locked_incorrectly,Authentication,680,True,True,True,1,680,account_locked_incorrectly,0.8563873767852783,True,"680,664,643,195,26","account_locked_incorrectly,None,None,None,None",True,True,False,False,True,True,False,False
1255,29,password_reset_broken,Authentication,669,True,True,True,"1,2",669,password_reset_broken,0.9054130911827087,True,"669,704,675,275,128","password_reset_broken,password_reset_broken,None,None,None",True,True,False,False,True,True,False,False
1257,422,export_fails,Platform,661,True,True,True,"1,2,3,4",700,export_fails,0.7748470902442932,True,"700,661,674,648,558","export_fails,export_fails,export_fails,export_fails,None",True,True,False,False,True,True,False,False
1258,352,no_response_from_support,Customer Success,687,True,True,True,"2,4",670,,0.4645332396030426,False,"670,488,643,699,702","None,no_response_from_support,None,no_response_from_support,escalation_ignored",False,False,False,False,False,False,False,False
1259,308,update_broke_feature,Engineering,642,True,True,True,"1,3",642,update_broke_feature,0.9697975516319275,True,"642,699,695,646,684","update_broke_feature,no_response_from_support,update_broke_feature,None,wallet_balance_incorrect",True,True,False,False,True,True,False,False
1260,429,api_integration_broken,Platform,139,True,True,True,1,139,api_integration_broken,0.6638115644454956,True,"139,183,672,695,58","api_integration_broken,update_broke_feature,sync_not_updating,update_broke_feature,None",True,True,False,False,True,True,False,False
1302,409,export_fails,Platform,674,True,True,True,"1,3,4,5",674,export_fails,0.9801944494247437,True,"674,617,700,648,661","export_fails,None,export_fails,export_fails,export_fails",True,True,False,False,True,True,False,False
1261,17,login_otp_not_received,Authentication,634,True,True,True,1,634,login_otp_not_received,0.7153906226158142,True,"634,688,407,202,185","login_otp_not_received,None,None,None,None",True,True,False,False,True,True,False,False
1266,341,no_response_from_support,Customer Success,643,True,True,True,2,643,,0.8740582466125488,False,"643,699,650,159,105","None,no_response_from_support,ticket_reopened_repeatedly,None,None",True,False,False,True,True,False,False,True
1262,42,password_reset_broken,Authentication,656,True,True,True,"2,4",656,,0.7874208688735962,False,"656,704,275,669,675","None,password_reset_broken,None,password_reset_broken,None",True,False,False,True,True,False,False,True
1263,481,cant_bulk_edit,Platform,643,True,True,True,4,696,,0.8282768130302429,False,"696,261,643,666,141","None,None,None,cant_bulk_edit,None",True,False,False,True,True,False,False,True
1269,432,api_integration_broken,Platform,644,True,True,True,"1,3",644,api_integration_broken,0.887534499168396,True,"644,630,681,89,398","api_integration_broken,None,api_integration_broken,None,None",True,True,False,False,True,True,False,False
1264,452,permissions_not_saving,Platform,691,False,True,True,"1,2",691,permissions_not_saving,0.9911931157112122,True,"691,631,633,511,190","permissions_not_saving,permissions_not_saving,None,None,None",True,True,False,False,True,True,False,False
1267,208,card_declined_incorrectly,Payments,632,True,True,True,1,632,card_declined_incorrectly,0.9475768804550171,True,"632,646,642,684,26","card_declined_incorrectly,None,update_broke_feature,wallet_balance_incorrect,None",True,True,False,False,True,True,False,False
1265,396,live_chat_unavailable,Customer Success,692,False,True,True,"1,3",692,live_chat_unavailable,0.9903498888015747,True,"692,571,694,567,565","live_chat_unavailable,None,live_chat_unavailable,None,None",True,True,False,False,True,True,False,False
1268,315,connection_drops_frequently,Engineering,693,False,True,True,"1,2",693,connection_drops_frequently,0.9909056425094604,True,"693,620,100,640,307","connection_drops_frequently,connection_drops_frequently,None,None,None",True,True,False,False,True,True,False,False
1271,137,refund_not_processed,Payments,624,True,True,True,3,624,,0.6446824669837952,False,"624,314,683,687,593","None,None,refund_not_processed,None,None",True,False,False,True,False,False,False,False
1270,391,live_chat_unavailable,Customer Success,694,False,True,True,1,694,live_chat_unavailable,0.9901759028434753,True,"694,670,540,567,324","live_chat_unavailable,None,None,None,None",True,True,False,False,True,True,False,False
1272,182,subscription_upgrade_failed,Payments,668,True,True,True,"1,5",668,subscription_upgrade_failed,0.7672117948532104,True,"668,559,656,198,701","subscription_upgrade_failed,None,None,None,subscription_upgrade_failed",True,True,False,False,True,True,False,False
1303,5,login_otp_not_received,Authentication,634,True,True,True,"1,5",634,login_otp_not_received,0.7306769490242004,True,"634,688,202,185,621","login_otp_not_received,None,None,None,login_otp_not_received",True,True,False,False,True,True,False,False
1273,130,double_charged,Payments,651,True,True,True,"1,3",651,double_charged,0.5396058559417725,True,"651,690,685,619,626","double_charged,subscription_upgrade_failed,double_charged,None,None",False,False,False,False,False,False,False,False
1274,270,sync_not_updating,Engineering,615,True,True,True,"1,5",615,sync_not_updating,0.9279151558876038,True,"615,607,631,302,667","sync_not_updating,None,permissions_not_saving,None,sync_not_updating",True,True,False,False,True,True,False,False
1275,99,mfa_setup_fails,Authentication,689,True,True,True,"1,3",689,mfa_setup_fails,0.8585437536239624,True,"689,296,686,645,639","mfa_setup_fails,sso_login_fails,mfa_setup_fails,None,None",True,True,False,False,True,True,False,False
996,382,ticket_reopened_repeatedly,Customer Success,624,False,True,True,3,624,,0.9909393787384033,False,"624,172,650,31,643","None,None,ticket_reopened_repeatedly,None,None",True,False,False,True,True,False,False,True
1276,454,notifications_not_sent,Platform,646,True,True,True,2,646,,0.8063841462135315,False,"646,352,62,148,192","None,notifications_not_sent,None,None,None",True,False,False,True,True,False,False,True
1332,282,sync_not_updating,Engineering,616,True,True,True,"1,2,3",616,sync_not_updating,0.8367874622344971,True,"616,615,672,646,642","sync_not_updating,sync_not_updating,sync_not_updating,None,update_broke_feature",True,True,False,False,True,True,False,False
1277,461,notifications_not_sent,Platform,643,True,True,True,1,215,notifications_not_sent,0.5033255815505981,True,"215,144,643,27,56","notifications_not_sent,None,None,None,None",False,False,False,False,False,False,False,False
1280,55,session_logs_out_randomly,Authentication,623,True,True,True,1,623,session_logs_out_randomly,0.7798811793327332,True,"623,452,598,130,419","session_logs_out_randomly,None,None,None,None",True,True,False,False,True,True,False,False
1278,470,analytics_data_wrong,Platform,664,True,True,True,"2,4",664,,0.8421368598937988,False,"664,677,649,638,30","None,analytics_data_wrong,None,analytics_data_wrong,None",True,False,False,True,True,False,False,True
1279,50,session_logs_out_randomly,Authentication,623,True,True,True,"1,2",623,session_logs_out_randomly,0.933376133441925,True,"623,635,640,598,515","session_logs_out_randomly,session_logs_out_randomly,None,None,None",True,True,False,False,True,True,False,False
1281,92,account_locked_incorrectly,Authentication,680,True,True,True,1,680,account_locked_incorrectly,0.888105571269989,True,"680,336,639,594,195","account_locked_incorrectly,None,None,None,None",True,True,False,False,True,True,False,False
1283,258,sync_not_updating,Engineering,667,True,True,True,"1,5",667,sync_not_updating,0.9896354079246521,True,"667,574,193,568,615","sync_not_updating,None,None,None,sync_not_updating",True,True,False,False,True,True,False,False
1285,147,refund_not_processed,Payments,314,True,True,True,3,314,,0.5915771126747131,False,"314,687,683,624,593","None,None,refund_not_processed,None,None",True,False,False,True,False,False,False,False
1286,428,api_integration_broken,Platform,644,True,True,True,"1,3",644,api_integration_broken,0.9857755899429321,True,"644,630,681,89,398","api_integration_broken,None,api_integration_broken,None,None",True,True,False,False,True,True,False,False
1287,485,cant_bulk_edit,Platform,696,False,True,True,5,696,,0.9889401793479919,False,"696,209,31,141,666","None,None,None,None,cant_bulk_edit",True,False,False,True,True,False,False,True
1288,450,permissions_not_saving,Platform,633,True,True,True,"2,5",633,,0.7638665437698364,False,"633,691,190,420,631","None,permissions_not_saving,None,None,permissions_not_saving",True,False,False,True,True,False,False,True
1290,7,login_otp_not_received,Authentication,663,True,True,True,"1,4,5",663,login_otp_not_received,0.8217591643333435,True,"663,672,622,621,637","login_otp_not_received,sync_not_updating,cant_change_email,login_otp_not_received,login_otp_not_received",True,True,False,False,True,True,False,False
997,160,invoice_missing_details,Payments,625,False,True,True,"1,2,4,5",625,invoice_missing_details,0.9898181557655334,True,"625,653,626,678,618","invoice_missing_details,invoice_missing_details,None,invoice_missing_details,invoice_missing_details",True,True,False,False,True,True,False,False
998,455,notifications_not_sent,Platform,352,True,True,True,2,134,,0.43527039885520935,False,"134,352,56,646,27","None,notifications_not_sent,None,None,None",False,False,False,False,False,False,False,False
1004,400,escalation_ignored,Customer Success,629,False,True,True,1,629,escalation_ignored,0.9910433292388916,True,"629,168,385,577,643","escalation_ignored,None,None,None,None",True,True,False,False,True,True,False,False
999,133,double_charged,Payments,626,False,True,True,4,626,,0.9911258816719055,False,"626,619,618,651,678","None,None,invoice_missing_details,double_charged,invoice_missing_details",True,False,False,True,True,False,False,True
1000,227,app_crashes_on_open,Engineering,603,True,True,True,1,603,app_crashes_on_open,0.5884036421775818,True,"603,150,127,646,19","app_crashes_on_open,None,None,None,None",True,True,False,False,False,False,False,False
1291,211,cannot_cancel_subscription,Payments,697,False,True,True,1,697,cannot_cancel_subscription,0.9909906387329102,True,"697,314,75,643,619","cannot_cancel_subscription,None,None,None,None",True,True,False,False,True,True,False,False
1002,67,sso_login_fails,Authentication,628,False,True,True,"1,3",628,sso_login_fails,0.9903046488761902,True,"628,452,662,663,142","sso_login_fails,None,sso_login_fails,login_otp_not_received,None",True,True,False,False,True,True,False,False
1003,201,card_declined_incorrectly,Payments,626,True,True,True,"1,3",654,card_declined_incorrectly,0.9007019996643066,True,"654,649,632,683,626","card_declined_incorrectly,None,card_declined_incorrectly,refund_not_processed,None",True,True,False,False,True,True,False,False
1008,217,app_crashes_on_open,Engineering,603,True,True,True,1,603,app_crashes_on_open,0.6395346522331238,True,"603,127,150,19,36","app_crashes_on_open,None,None,None,None",True,True,False,False,False,False,False,False
1006,261,sync_not_updating,Engineering,616,True,True,True,"1,2,3",672,sync_not_updating,0.9104816317558289,True,"672,616,636,422,499","sync_not_updating,sync_not_updating,sync_not_updating,None,None",True,True,False,False,True,True,False,False
1010,52,session_logs_out_randomly,Authentication,452,True,True,True,4,130,,0.6133562922477722,False,"130,452,296,623,584","None,None,sso_login_fails,session_logs_out_randomly,None",True,False,False,True,False,False,False,False
1007,232,app_crashes_on_open,Engineering,603,True,True,True,"1,2,3",673,app_crashes_on_open,0.761290431022644,True,"673,603,652,127,36","app_crashes_on_open,app_crashes_on_open,app_crashes_on_open,None,None",True,True,False,False,True,True,False,False
1009,267,sync_not_updating,Engineering,616,True,True,True,"1,2,3",616,sync_not_updating,0.7285261154174805,True,"616,672,636,633,564","sync_not_updating,sync_not_updating,sync_not_updating,None,None",True,True,False,False,True,True,False,False
1011,13,login_otp_not_received,Authentication,621,True,True,True,"1,2,4",663,login_otp_not_received,0.7034520506858826,True,"663,621,219,637,181","login_otp_not_received,login_otp_not_received,None,login_otp_not_received,None",True,True,False,False,True,True,False,False
1012,445,permissions_not_saving,Platform,631,False,True,True,"1,3",631,permissions_not_saving,0.9909051060676575,True,"631,615,691,78,633","permissions_not_saving,sync_not_updating,permissions_not_saving,None,None",True,True,False,False,True,True,False,False
1013,206,card_declined_incorrectly,Payments,632,False,True,True,"1,2",632,card_declined_incorrectly,0.9899682402610779,True,"632,654,701,626,639","card_declined_incorrectly,card_declined_incorrectly,subscription_upgrade_failed,None,None",True,True,False,False,True,True,False,False
1292,389,live_chat_unavailable,Customer Success,694,True,True,True,1,694,live_chat_unavailable,0.7729425430297852,True,"694,699,670,567,324","live_chat_unavailable,no_response_from_support,None,None,None",True,True,False,False,True,True,False,False
1015,444,permissions_not_saving,Platform,633,False,True,True,"2,5",633,,0.9899324178695679,False,"633,691,190,420,631","None,permissions_not_saving,None,None,permissions_not_saving",True,False,False,True,True,False,False,True
1293,273,sync_not_updating,Engineering,667,True,True,True,"1,2",667,sync_not_updating,0.9083095192909241,True,"667,615,574,193,640","sync_not_updating,sync_not_updating,None,None,None",True,True,False,False,True,True,False,False
1095,433,api_integration_broken,Platform,139,True,True,True,1,139,api_integration_broken,0.6512472629547119,True,"139,183,672,695,58","api_integration_broken,update_broke_feature,sync_not_updating,update_broke_feature,None",True,True,False,False,True,True,False,False
1335,292,sync_not_updating,Engineering,616,True,True,True,"1,2,4",616,sync_not_updating,0.8319761753082275,True,"616,672,633,636,564","sync_not_updating,sync_not_updating,None,sync_not_updating,None",True,True,False,False,True,True,False,False
1294,326,search_returns_nothing,Engineering,698,False,True,True,"1,2",698,search_returns_nothing,0.9909522533416748,True,"698,641,579,561,369","search_returns_nothing,search_returns_nothing,None,None,None",True,True,False,False,True,True,False,False
1016,176,subscription_upgrade_failed,Payments,617,True,True,True,2,617,,0.9363556504249573,False,"617,701,596,139,593","None,subscription_upgrade_failed,None,api_integration_broken,None",True,False,False,True,True,False,False,True
1295,449,permissions_not_saving,Platform,691,True,True,True,"1,4",691,permissions_not_saving,0.9375267624855042,True,"691,633,707,631,697","permissions_not_saving,None,update_broke_feature,permissions_not_saving,cannot_cancel_subscription",True,True,False,False,True,True,False,False
1296,250,dashboard_extremely_slow,Engineering,665,True,True,True,"1,2,3,4",665,dashboard_extremely_slow,0.8812727332115173,True,"665,627,682,703,478","dashboard_extremely_slow,dashboard_extremely_slow,dashboard_extremely_slow,dashboard_extremely_slow,None",True,True,False,False,True,True,False,False
1297,248,dashboard_extremely_slow,Engineering,640,True,True,True,"1,3,4,5",706,dashboard_extremely_slow,0.9456639885902405,True,"706,640,703,682,627","dashboard_extremely_slow,None,dashboard_extremely_slow,dashboard_extremely_slow,dashboard_extremely_slow",True,True,False,False,True,True,False,False
988,162,invoice_missing_details,Payments,618,False,True,True,"1,3,4",618,invoice_missing_details,0.9909979104995728,True,"618,626,678,625,481","invoice_missing_details,None,invoice_missing_details,invoice_missing_details,None",True,True,False,False,True,True,False,False
985,295,sync_not_updating,Engineering,615,False,True,True,"1,5",615,sync_not_updating,0.9899536371231079,True,"615,209,302,414,667","sync_not_updating,None,None,None,sync_not_updating",True,True,False,False,True,True,False,False
986,262,sync_not_updating,Engineering,616,False,True,True,"1,2,3,4",616,sync_not_updating,0.990067720413208,True,"616,672,615,636,564","sync_not_updating,sync_not_updating,sync_not_updating,sync_not_updating,None",True,True,False,False,True,True,False,False
987,188,subscription_upgrade_failed,Payments,617,False,True,True,2,617,,0.9914997220039368,False,"617,701,596,593,489","None,subscription_upgrade_failed,None,None,None",True,False,False,True,True,False,False,True
991,12,login_otp_not_received,Authentication,621,False,True,True,"1,2,3,5",621,login_otp_not_received,0.9898940920829773,True,"621,663,637,559,634","login_otp_not_received,login_otp_not_received,login_otp_not_received,None,login_otp_not_received",True,True,False,False,True,True,False,False
989,117,double_charged,Payments,619,False,True,False,,619,,0.9912003874778748,False,"619,649,626,314,415","None,None,None,None,None",True,False,False,True,True,False,False,True
990,316,connection_drops_frequently,Engineering,620,False,True,True,"1,2",620,connection_drops_frequently,0.9902237057685852,True,"620,693,130,222,100","connection_drops_frequently,connection_drops_frequently,None,None,None",True,True,False,False,True,True,False,False
993,113,cant_change_email,Authentication,622,False,True,True,1,622,cant_change_email,0.9901667833328247,True,"622,675,429,232,656","cant_change_email,None,None,None,None",True,True,False,False,True,True,False,False
994,296,sync_not_updating,Engineering,617,True,True,True,"1,2,3",672,sync_not_updating,0.8413132429122925,True,"672,636,616,617,499","sync_not_updating,sync_not_updating,sync_not_updating,None,None",True,True,False,False,True,True,False,False
995,45,session_logs_out_randomly,Authentication,623,False,True,True,"1,2",623,session_logs_out_randomly,0.9910940527915955,True,"623,635,130,598,419","session_logs_out_randomly,session_logs_out_randomly,None,None,None",True,True,False,False,True,True,False,False
1149,424,export_fails,Platform,674,False,True,True,"1,2,3,4",674,export_fails,0.9906084537506104,True,"674,700,648,661,466","export_fails,export_fails,export_fails,export_fails,None",True,True,False,False,True,True,False,False
1017,11,login_otp_not_received,Authentication,634,False,True,True,"1,5",634,login_otp_not_received,0.9904544949531555,True,"634,688,160,202,621","login_otp_not_received,None,None,None,login_otp_not_received",True,True,False,False,True,True,False,False
1032,96,account_locked_incorrectly,Authentication,617,True,True,True,1,680,account_locked_incorrectly,0.7606393098831177,True,"680,639,668,675,195","account_locked_incorrectly,None,subscription_upgrade_failed,None,None",True,True,False,False,True,True,False,False
1027,121,double_charged,Payments,626,True,True,False,,619,,0.8190361261367798,False,"619,626,683,415,314","None,None,refund_not_processed,None,None",True,False,False,True,True,False,False,True
1019,58,session_logs_out_randomly,Authentication,635,False,True,True,"1,2,5",635,session_logs_out_randomly,0.9910009503364563,True,"635,623,598,384,659","session_logs_out_randomly,session_logs_out_randomly,None,None,session_logs_out_randomly",True,True,False,False,True,True,False,False
1020,279,sync_not_updating,Engineering,636,False,True,True,"1,2",636,sync_not_updating,0.9911743402481079,True,"636,672,200,537,584","sync_not_updating,sync_not_updating,None,None,None",True,True,False,False,True,True,False,False
1021,6,login_otp_not_received,Authentication,621,True,True,True,"1,2,4,5",621,login_otp_not_received,0.7519699335098267,True,"621,634,384,663,637","login_otp_not_received,login_otp_not_received,None,login_otp_not_received,login_otp_not_received",True,True,False,False,True,True,False,False
1022,482,cant_bulk_edit,Platform,370,True,True,True,1,666,cant_bulk_edit,0.9197249412536621,True,"666,261,61,696,141","cant_bulk_edit,None,None,None,None",True,True,False,False,True,True,False,False
1023,337,attachments_fail_to_upload,Engineering,87,True,True,True,"2,5",671,,0.7929677963256836,False,"671,87,466,311,647","None,attachments_fail_to_upload,None,None,attachments_fail_to_upload",True,False,False,True,True,False,False,True
1024,3,login_otp_not_received,Authentication,637,False,True,True,"1,2,3",637,login_otp_not_received,0.9909101128578186,True,"637,663,621,310,212","login_otp_not_received,login_otp_not_received,login_otp_not_received,None,agent_unhelpful",True,True,False,False,True,True,False,False
1029,83,account_locked_incorrectly,Authentication,639,False,True,True,3,639,,0.9899433851242065,False,"639,563,680,594,26","None,None,account_locked_incorrectly,None,None",True,False,False,True,True,False,False,True
1026,68,sso_login_fails,Authentication,452,True,True,True,2,656,,0.8072003722190857,False,"656,662,452,448,420","None,sso_login_fails,None,None,None",True,False,False,True,True,False,False,True
1033,271,sync_not_updating,Engineering,616,True,True,True,"1,2,3",672,sync_not_updating,0.8315008282661438,True,"672,616,636,499,422","sync_not_updating,sync_not_updating,sync_not_updating,None,None",True,True,False,False,True,True,False,False
1031,314,connection_drops_frequently,Engineering,640,False,True,True,5,640,,0.9903125762939453,False,"640,623,307,302,693","None,session_logs_out_randomly,None,None,connection_drops_frequently",True,False,False,True,True,False,False,True
1036,94,account_locked_incorrectly,Authentication,639,True,True,True,3,639,,0.6137717962265015,False,"639,704,680,515,26","None,password_reset_broken,account_locked_incorrectly,None,None",True,False,False,True,False,False,False,False
1034,397,escalation_ignored,Customer Success,639,True,True,True,1,702,escalation_ignored,0.6739366054534912,True,"702,680,670,699,643","escalation_ignored,account_locked_incorrectly,None,no_response_from_support,None",True,True,False,False,True,True,False,False
1035,327,search_returns_nothing,Engineering,641,False,True,True,1,641,search_returns_nothing,0.9904859662055969,True,"641,403,27,61,369","search_returns_nothing,None,None,None,None",True,True,False,False,True,True,False,False
1037,172,invoice_missing_details,Payments,625,True,True,True,"1,2,3,5",625,invoice_missing_details,0.9678207039833069,True,"625,653,678,626,618","invoice_missing_details,invoice_missing_details,invoice_missing_details,None,invoice_missing_details",True,True,False,False,True,True,False,False
1040,351,no_response_from_support,Customer Success,643,False,True,True,3,643,,0.9914337396621704,False,"643,159,699,650,624","None,None,no_response_from_support,ticket_reopened_repeatedly,None",True,False,False,True,True,False,False,True
1039,414,export_fails,Platform,617,True,True,True,"1,2,3,4",674,export_fails,0.8834508657455444,True,"674,700,648,661,520","export_fails,export_fails,export_fails,export_fails,None",True,True,False,False,True,True,False,False
1041,436,api_integration_broken,Platform,644,False,True,True,"1,2",644,api_integration_broken,0.9905737042427063,True,"644,681,160,89,398","api_integration_broken,api_integration_broken,None,None,None",True,True,False,False,True,True,False,False
1042,16,login_otp_not_received,Authentication,645,False,True,False,,645,,0.9906740784645081,False,"645,686,459,515,689","None,mfa_setup_fails,None,None,mfa_setup_fails",True,False,False,True,True,False,False,True
1043,462,notifications_not_sent,Platform,646,False,True,True,3,646,,0.9911113381385803,False,"646,384,352,430,192","None,None,notifications_not_sent,None,None",True,False,False,True,True,False,False,True
1058,384,ticket_reopened_repeatedly,Customer Success,650,False,True,True,1,650,ticket_reopened_repeatedly,0.9911405444145203,True,"650,462,79,643,624","ticket_reopened_repeatedly,None,None,None,None",True,True,False,False,True,True,False,False
1044,338,attachments_fail_to_upload,Engineering,647,False,True,True,"1,4",647,attachments_fail_to_upload,0.9910421371459961,True,"647,125,466,87,230","attachments_fail_to_upload,None,None,attachments_fail_to_upload,None",True,True,False,False,True,True,False,False
1046,226,app_crashes_on_open,Engineering,603,True,True,True,"1,2",652,app_crashes_on_open,0.6123751997947693,True,"652,603,537,83,136","app_crashes_on_open,app_crashes_on_open,None,None,None",True,True,False,False,False,False,False,False
1047,423,export_fails,Platform,648,False,True,True,"1,2,3,4",648,export_fails,0.991363525390625,True,"648,661,700,674,642","export_fails,export_fails,export_fails,export_fails,update_broke_feature",True,True,False,False,True,True,False,False
1054,447,permissions_not_saving,Platform,633,True,True,True,"2,4",633,,0.7046607732772827,False,"633,631,190,691,615","None,permissions_not_saving,None,permissions_not_saving,sync_not_updating",True,False,False,True,True,False,False,True
1048,53,session_logs_out_randomly,Authentication,635,True,True,True,"1,3",635,session_logs_out_randomly,0.9184241890907288,True,"635,598,623,384,646","session_logs_out_randomly,None,session_logs_out_randomly,None,None",True,True,False,False,True,True,False,False
1049,335,attachments_fail_to_upload,Engineering,640,True,True,True,2,671,,0.7247095704078674,False,"671,87,466,558,311","None,attachments_fail_to_upload,None,None,None",True,False,False,True,True,False,False,True
1065,334,attachments_fail_to_upload,Engineering,647,True,True,True,"1,4",647,attachments_fail_to_upload,0.8325538635253906,True,"647,624,125,87,650","attachments_fail_to_upload,None,None,attachments_fail_to_upload,ticket_reopened_repeatedly",True,True,False,False,True,True,False,False
1050,86,account_locked_incorrectly,Authentication,639,True,True,False,,639,,0.5841913223266602,False,"639,704,516,115,26","None,password_reset_broken,None,None,None",False,False,False,False,False,False,False,False
1051,441,permissions_not_saving,Platform,633,True,True,True,"2,5",633,,0.9896650910377502,False,"633,691,615,190,631","None,permissions_not_saving,sync_not_updating,None,permissions_not_saving",True,False,False,True,True,False,False,True
1052,302,update_broke_feature,Engineering,586,True,True,True,"1,2,3,4",183,update_broke_feature,0.6393323540687561,True,"183,586,431,695,489","update_broke_feature,update_broke_feature,update_broke_feature,update_broke_feature,None",True,True,False,False,False,False,False,False
1056,189,wallet_balance_incorrect,Payments,649,False,True,True,4,649,,0.9911367893218994,False,"649,619,658,684,687","None,None,refund_not_processed,wallet_balance_incorrect,None",True,False,False,True,True,False,False,True
1057,166,invoice_missing_details,Payments,618,True,True,True,"1,2,4,5",678,invoice_missing_details,0.7675209641456604,True,"678,618,626,625,653","invoice_missing_details,invoice_missing_details,None,invoice_missing_details,invoice_missing_details",True,True,False,False,True,True,False,False
1062,209,cannot_cancel_subscription,Payments,646,True,True,True,1,697,cannot_cancel_subscription,0.8314480185508728,True,"697,75,640,314,646","cannot_cancel_subscription,None,None,None,None",True,True,False,False,True,True,False,False
1060,15,login_otp_not_received,Authentication,637,True,True,True,"1,2,3",637,login_otp_not_received,0.8968369960784912,True,"637,663,621,310,212","login_otp_not_received,login_otp_not_received,login_otp_not_received,None,agent_unhelpful",True,True,False,False,True,True,False,False
1064,405,export_fails,Platform,648,True,True,True,"1,2,4",648,export_fails,0.7096746563911438,True,"648,661,664,674,652","export_fails,export_fails,None,export_fails,app_crashes_on_open",True,True,False,False,True,True,False,False
1061,122,double_charged,Payments,619,True,True,False,,619,,0.9511309862136841,False,"619,626,649,314,531","None,None,None,None,cannot_cancel_subscription",True,False,False,True,True,False,False,True
1063,410,export_fails,Platform,648,True,True,True,"1,2,3,4",648,export_fails,0.6433343887329102,True,"648,661,674,700,652","export_fails,export_fails,export_fails,export_fails,app_crashes_on_open",True,True,False,False,False,False,False,False
1298,331,search_returns_nothing,Engineering,641,True,True,True,1,641,search_returns_nothing,0.7764256000518799,True,"641,403,382,159,61","search_returns_nothing,None,None,None,None",True,True,False,False,True,True,False,False
1066,120,double_charged,Payments,651,False,True,True,1,651,double_charged,0.9903848171234131,True,"651,626,690,619,366","double_charged,None,subscription_upgrade_failed,None,None",True,True,False,False,True,True,False,False
1068,260,sync_not_updating,Engineering,615,True,True,True,"1,4",615,sync_not_updating,0.9223683476448059,True,"615,209,302,667,631","sync_not_updating,None,None,sync_not_updating,permissions_not_saving",True,True,False,False,True,True,False,False
1069,228,app_crashes_on_open,Engineering,652,False,True,True,"1,3",652,app_crashes_on_open,0.99070143699646,True,"652,19,655,130,537","app_crashes_on_open,None,app_crashes_on_open,None,None",True,True,False,False,True,True,False,False
1083,149,refund_not_processed,Payments,658,False,True,True,"1,4",658,refund_not_processed,0.9909083247184753,True,"658,649,687,683,314","refund_not_processed,None,None,refund_not_processed,None",True,True,False,False,True,True,False,False
1070,157,invoice_missing_details,Payments,653,False,True,True,"1,2,4,5",653,invoice_missing_details,0.990532636642456,True,"653,625,626,618,678","invoice_missing_details,invoice_missing_details,None,invoice_missing_details,invoice_missing_details",True,True,False,False,True,True,False,False
1078,135,double_charged,Payments,619,True,True,True,2,619,,0.8102684617042542,False,"619,651,675,626,690","None,double_charged,None,None,subscription_upgrade_failed",True,False,False,True,True,False,False,True
1071,478,analytics_data_wrong,Platform,638,True,True,True,"1,3",677,analytics_data_wrong,0.7881498336791992,True,"677,664,638,627,611","analytics_data_wrong,None,analytics_data_wrong,dashboard_extremely_slow,None",True,True,False,False,True,True,False,False
1072,108,mfa_setup_fails,Authentication,645,True,True,True,1,689,mfa_setup_fails,0.8250895738601685,True,"689,645,296,639,459","mfa_setup_fails,None,sso_login_fails,None,None",True,True,False,False,True,True,False,False
1079,235,app_crashes_on_open,Engineering,655,False,True,True,"1,4",655,app_crashes_on_open,0.9909206628799438,True,"655,19,386,652,538","app_crashes_on_open,None,None,app_crashes_on_open,None",True,True,False,False,True,True,False,False
1075,281,sync_not_updating,Engineering,617,True,True,True,"1,2,4",672,sync_not_updating,0.7409782409667969,True,"672,636,617,616,499","sync_not_updating,sync_not_updating,None,sync_not_updating,None",True,True,False,False,True,True,False,False
1076,168,invoice_missing_details,Payments,625,True,True,True,"1,2,4,5",625,invoice_missing_details,0.7425302267074585,True,"625,653,626,618,678","invoice_missing_details,invoice_missing_details,None,invoice_missing_details,invoice_missing_details",True,True,False,False,True,True,False,False
1080,110,cant_change_email,Authentication,656,False,True,False,,656,,0.9902206659317017,False,"656,275,704,422,337","None,None,password_reset_broken,None,None",True,False,False,True,True,False,False,True
1077,215,cannot_cancel_subscription,Payments,314,True,True,True,"1,4",697,cannot_cancel_subscription,0.8996037840843201,True,"697,75,314,531,619","cannot_cancel_subscription,None,None,cannot_cancel_subscription,None",True,True,False,False,True,True,False,False
1084,56,session_logs_out_randomly,Authentication,659,False,True,True,"1,5",659,session_logs_out_randomly,0.9911407828330994,True,"659,419,448,598,623","session_logs_out_randomly,None,None,None,session_logs_out_randomly",True,True,False,False,True,True,False,False
1081,369,agent_unhelpful,Customer Success,657,False,True,True,"1,2",657,agent_unhelpful,0.9897486567497253,True,"657,212,292,699,121","agent_unhelpful,agent_unhelpful,None,no_response_from_support,None",True,True,False,False,True,True,False,False
1082,198,wallet_balance_incorrect,Payments,649,True,True,False,,649,,0.9765321016311646,False,"649,619,658,632,677","None,None,refund_not_processed,card_declined_incorrectly,analytics_data_wrong",True,False,False,True,True,False,False,True
1087,407,export_fails,Platform,661,False,True,True,"1,2,3,5",661,export_fails,0.9912062287330627,True,"661,700,648,558,674","export_fails,export_fails,export_fails,None,export_fails",True,True,False,False,True,True,False,False
1085,104,mfa_setup_fails,Authentication,660,False,True,True,"1,5",660,mfa_setup_fails,0.9905343055725098,True,"660,296,459,688,686","mfa_setup_fails,sso_login_fails,None,None,mfa_setup_fails",True,True,False,False,True,True,False,False
1088,103,mfa_setup_fails,Authentication,645,True,True,True,"1,3,4",686,mfa_setup_fails,0.8569504022598267,True,"686,645,689,660,688","mfa_setup_fails,None,mfa_setup_fails,mfa_setup_fails,None",True,True,False,False,True,True,False,False
1091,366,agent_unhelpful,Customer Success,257,True,True,True,3,670,,0.768848717212677,False,"670,694,257,699,578","None,live_chat_unavailable,agent_unhelpful,no_response_from_support,None",True,False,False,True,True,False,False,True
1090,80,sso_login_fails,Authentication,662,False,True,True,1,662,sso_login_fails,0.9911858439445496,True,"662,440,421,448,420","sso_login_fails,None,None,None,None",True,True,False,False,True,True,False,False
1092,375,agent_unhelpful,Customer Success,212,True,True,True,1,212,agent_unhelpful,0.6190007925033569,True,"212,624,261,105,54","agent_unhelpful,None,None,None,None",True,True,False,False,False,False,False,False
1093,1,login_otp_not_received,Authentication,663,False,True,True,"1,3,4",663,login_otp_not_received,0.990694522857666,True,"663,219,621,637,198","login_otp_not_received,None,login_otp_not_received,login_otp_not_received,None",True,True,False,False,True,True,False,False
1096,480,analytics_data_wrong,Platform,638,True,True,True,"1,2",638,analytics_data_wrong,0.8857226371765137,True,"638,677,664,98,627","analytics_data_wrong,analytics_data_wrong,None,None,dashboard_extremely_slow",True,True,False,False,True,True,False,False
1097,468,notifications_not_sent,Platform,646,True,True,True,"2,3",646,,0.7244873642921448,False,"646,66,352,62,192","None,notifications_not_sent,notifications_not_sent,None,None",True,False,False,True,True,False,False,True
1098,213,cannot_cancel_subscription,Payments,531,True,True,True,"1,3",697,cannot_cancel_subscription,0.8580223917961121,True,"697,75,531,314,619","cannot_cancel_subscription,None,cannot_cancel_subscription,None,None",True,True,False,False,True,True,False,False
1115,277,sync_not_updating,Engineering,633,True,True,True,"2,3,4,5",633,,0.7242246270179749,False,"633,616,672,636,615","None,sync_not_updating,sync_not_updating,sync_not_updating,sync_not_updating",True,False,False,True,True,False,False,True
1107,10,login_otp_not_received,Authentication,645,True,True,False,,645,,0.7898830771446228,False,"645,686,688,660,185","None,mfa_setup_fails,None,mfa_setup_fails,None",True,False,False,True,True,False,False,True
1100,476,analytics_data_wrong,Platform,664,False,True,True,"2,3",664,,0.9908614158630371,False,"664,677,638,611,684","None,analytics_data_wrong,analytics_data_wrong,None,wallet_balance_incorrect",True,False,False,True,True,False,False,True
1101,240,dashboard_extremely_slow,Engineering,665,False,True,True,"1,2,5",665,dashboard_extremely_slow,0.9906542897224426,True,"665,627,596,529,703","dashboard_extremely_slow,dashboard_extremely_slow,None,None,dashboard_extremely_slow",True,True,False,False,True,True,False,False
1112,324,connection_drops_frequently,Engineering,620,True,True,True,"1,2",693,connection_drops_frequently,0.8712683916091919,True,"693,620,100,554,307","connection_drops_frequently,connection_drops_frequently,None,None,None",True,True,False,False,True,True,False,False
1102,247,dashboard_extremely_slow,Engineering,627,True,True,True,"1,4,5",627,dashboard_extremely_slow,0.7690481543540955,True,"627,640,664,703,665","dashboard_extremely_slow,None,None,dashboard_extremely_slow,dashboard_extremely_slow",True,True,False,False,True,True,False,False
1103,167,invoice_missing_details,Payments,625,True,True,True,"1,2,4,5",678,invoice_missing_details,0.8969807624816895,True,"678,625,626,618,653","invoice_missing_details,invoice_missing_details,None,invoice_missing_details,invoice_missing_details",True,True,False,False,True,True,False,False
1104,484,cant_bulk_edit,Platform,666,False,True,True,1,666,cant_bulk_edit,0.9907377362251282,True,"666,261,550,61,696","cant_bulk_edit,None,None,None,None",True,True,False,False,True,True,False,False
1109,233,app_crashes_on_open,Engineering,652,True,True,True,"1,3",652,app_crashes_on_open,0.9320031404495239,True,"652,386,655,130,537","app_crashes_on_open,None,app_crashes_on_open,None,None",True,True,False,False,True,True,False,False
1113,325,search_returns_nothing,Engineering,641,True,True,True,1,641,search_returns_nothing,0.6782070398330688,True,"641,403,550,382,61","search_returns_nothing,None,None,None,None",True,True,False,False,True,True,False,False
1110,257,sync_not_updating,Engineering,616,True,True,True,"1,2,3",616,sync_not_updating,0.8151032328605652,True,"616,615,672,646,564","sync_not_updating,sync_not_updating,sync_not_updating,None,None",True,True,False,False,True,True,False,False
1111,245,dashboard_extremely_slow,Engineering,665,True,True,True,"1,2,4,5",665,dashboard_extremely_slow,0.92527836561203,True,"665,627,640,682,703","dashboard_extremely_slow,dashboard_extremely_slow,None,dashboard_extremely_slow,dashboard_extremely_slow",True,True,False,False,True,True,False,False
1116,417,export_fails,Platform,661,True,True,True,"1,2,3,4",661,export_fails,0.7836483716964722,True,"661,700,648,674,558","export_fails,export_fails,export_fails,export_fails,None",True,True,False,False,True,True,False,False
1119,320,connection_drops_frequently,Engineering,640,True,True,False,,640,,0.5468167066574097,False,"640,302,342,307,100","None,None,None,None,None",False,False,False,False,False,False,False,False
1118,136,double_charged,Payments,619,True,True,True,2,619,,0.7648081183433533,False,"619,685,626,314,531","None,double_charged,None,None,cannot_cancel_subscription",True,False,False,True,True,False,False,True
1120,180,subscription_upgrade_failed,Payments,617,True,True,True,2,617,,0.979899525642395,False,"617,701,183,139,593","None,subscription_upgrade_failed,update_broke_feature,api_integration_broken,None",True,False,False,True,True,False,False,True
1121,222,app_crashes_on_open,Engineering,603,True,True,True,2,150,,0.6361958980560303,False,"150,603,127,36,83","None,app_crashes_on_open,None,None,None",True,False,False,True,False,False,False,False
1122,473,analytics_data_wrong,Platform,664,True,True,True,"2,4",664,,0.8394932150840759,False,"664,677,30,638,611","None,analytics_data_wrong,None,analytics_data_wrong,None",True,False,False,True,True,False,False,True
1123,178,subscription_upgrade_failed,Payments,668,False,True,True,"1,3",668,subscription_upgrade_failed,0.9912444353103638,True,"668,699,701,702,92","subscription_upgrade_failed,no_response_from_support,subscription_upgrade_failed,escalation_ignored,None",True,True,False,False,True,True,False,False
1141,421,export_fails,Platform,671,True,True,True,"1,2,3,4",700,export_fails,0.8129327297210693,True,"700,661,648,674,558","export_fails,export_fails,export_fails,export_fails,None",True,True,False,False,True,True,False,False
1124,44,password_reset_broken,Authentication,669,False,True,True,"1,3",669,password_reset_broken,0.9912646412849426,True,"669,656,704,675,275","password_reset_broken,None,password_reset_broken,None,None",True,True,False,False,True,True,False,False
1125,362,agent_unhelpful,Customer Success,670,False,True,True,4,670,,0.9903218150138855,False,"670,699,694,257,310","None,no_response_from_support,live_chat_unavailable,agent_unhelpful,None",True,False,False,True,True,False,False,True
1126,63,session_logs_out_randomly,Authentication,635,True,True,True,"1,3",635,session_logs_out_randomly,0.9407253861427307,True,"635,600,623,598,384","session_logs_out_randomly,None,session_logs_out_randomly,None,None",True,True,False,False,True,True,False,False
1138,306,update_broke_feature,Engineering,183,True,True,True,"1,2,3",183,update_broke_feature,0.5791364908218384,True,"183,695,431,452,489","update_broke_feature,update_broke_feature,update_broke_feature,None,None",False,False,False,False,False,False,False,False
1127,339,attachments_fail_to_upload,Engineering,671,False,True,True,2,671,,0.990610659122467,False,"671,87,466,527,311","None,attachments_fail_to_upload,None,None,None",True,False,False,True,True,False,False,True
1133,202,card_declined_incorrectly,Payments,632,True,True,True,"2,4",634,login_otp_not_received,0.7719175815582275,False,"634,632,701,654,690","login_otp_not_received,card_declined_incorrectly,subscription_upgrade_failed,card_declined_incorrectly,subscription_upgrade_failed",True,False,True,False,True,False,True,False
1128,266,sync_not_updating,Engineering,672,False,True,True,"1,2,3",672,sync_not_updating,0.990559458732605,True,"672,616,636,593,596","sync_not_updating,sync_not_updating,sync_not_updating,None,None",True,True,False,False,True,True,False,False
1129,106,mfa_setup_fails,Authentication,645,True,True,True,"1,3,4",686,mfa_setup_fails,0.9647721648216248,True,"686,645,689,660,688","mfa_setup_fails,None,mfa_setup_fails,mfa_setup_fails,None",True,True,False,False,True,True,False,False
1130,364,agent_unhelpful,Customer Success,630,True,True,False,,630,,0.9508857727050781,False,"630,699,273,488,245","None,no_response_from_support,None,no_response_from_support,None",True,False,False,True,True,False,False,True
1134,406,export_fails,Platform,648,True,True,True,"1,2,3,4",700,export_fails,0.9423127174377441,True,"700,661,648,674,46","export_fails,export_fails,export_fails,export_fails,None",True,True,False,False,True,True,False,False
1131,394,live_chat_unavailable,Customer Success,670,True,True,True,"1,4",692,live_chat_unavailable,0.9397851824760437,True,"692,670,571,694,565","live_chat_unavailable,None,None,live_chat_unavailable,None",True,True,False,False,True,True,False,False
1135,224,app_crashes_on_open,Engineering,673,False,True,True,1,673,app_crashes_on_open,0.9893171191215515,True,"673,150,583,36,554","app_crashes_on_open,None,None,None,None",True,True,False,False,True,True,False,False
1139,388,ticket_reopened_repeatedly,Customer Success,624,True,True,False,,624,,0.8482276201248169,False,"624,172,141,99,105","None,None,None,None,None",True,False,False,True,True,False,False,True
1136,91,account_locked_incorrectly,Authentication,639,True,True,True,2,639,,0.876829981803894,False,"639,680,563,594,26","None,account_locked_incorrectly,None,None,None",True,False,False,True,True,False,False,True
1137,220,app_crashes_on_open,Engineering,655,True,True,True,"1,3",655,app_crashes_on_open,0.8091738820075989,True,"655,386,652,308,538","app_crashes_on_open,None,app_crashes_on_open,None,None",True,True,False,False,True,True,False,False
1140,415,export_fails,Platform,661,True,True,True,"1,2,3,4",661,export_fails,0.7340381145477295,True,"661,648,674,700,652","export_fails,export_fails,export_fails,export_fails,app_crashes_on_open",True,True,False,False,True,True,False,False
1142,379,ticket_reopened_repeatedly,Customer Success,624,True,True,False,,624,,0.9406651258468628,False,"624,172,141,99,532","None,None,None,None,None",True,False,False,True,True,False,False,True
1333,256,dashboard_extremely_slow,Engineering,627,True,True,True,"1,2,3,4",703,dashboard_extremely_slow,0.6637433767318726,True,"703,627,682,706,598","dashboard_extremely_slow,dashboard_extremely_slow,dashboard_extremely_slow,dashboard_extremely_slow,None",True,True,False,False,True,True,False,False
1144,115,cant_change_email,Authentication,622,True,True,True,1,622,cant_change_email,0.6976895928382874,True,"622,704,615,429,656","cant_change_email,password_reset_broken,sync_not_updating,None,None",True,True,False,False,True,True,False,False
1147,23,login_otp_not_received,Authentication,634,True,True,True,"1,5",634,login_otp_not_received,0.8544319868087769,True,"634,688,202,185,621","login_otp_not_received,None,None,None,login_otp_not_received",True,True,False,False,True,True,False,False
1148,34,password_reset_broken,Authentication,669,True,True,True,"1,2",669,password_reset_broken,0.9857102632522583,True,"669,704,675,275,340","password_reset_broken,password_reset_broken,None,None,None",True,True,False,False,True,True,False,False
1150,298,update_broke_feature,Engineering,431,True,True,True,"1,3",431,update_broke_feature,0.45599111914634705,True,"431,19,695,127,489","update_broke_feature,None,update_broke_feature,None,None",False,False,False,False,False,False,False,False
1159,229,app_crashes_on_open,Engineering,673,True,True,True,1,673,app_crashes_on_open,0.5681702494621277,True,"673,150,554,36,458","app_crashes_on_open,None,None,None,None",False,False,False,False,False,False,False,False
1151,346,no_response_from_support,Customer Success,643,True,True,False,,643,,0.7867487668991089,False,"643,159,650,31,105","None,None,ticket_reopened_repeatedly,None,None",True,False,False,True,True,False,False,True
1152,365,agent_unhelpful,Customer Success,657,True,True,True,"1,2",657,agent_unhelpful,0.9304088354110718,True,"657,212,694,699,650","agent_unhelpful,agent_unhelpful,live_chat_unavailable,no_response_from_support,ticket_reopened_repeatedly",True,True,False,False,True,True,False,False
1168,76,sso_login_fails,Authentication,662,True,True,True,"1,2",662,sso_login_fails,0.8491678237915039,True,"662,628,440,421,448","sso_login_fails,sso_login_fails,None,None,None",True,True,False,False,True,True,False,False
1153,356,no_response_from_support,Customer Success,643,True,True,False,,643,,0.9173715710639954,False,"643,159,650,105,31","None,None,ticket_reopened_repeatedly,None,None",True,False,False,True,True,False,False,True
1160,179,subscription_upgrade_failed,Payments,626,True,True,True,"1,2",690,subscription_upgrade_failed,0.9027665853500366,True,"690,701,684,26,619","subscription_upgrade_failed,subscription_upgrade_failed,wallet_balance_incorrect,None,None",True,True,False,False,True,True,False,False
1154,2,login_otp_not_received,Authentication,634,True,True,True,3,645,,0.8057813048362732,False,"645,688,634,660,185","None,None,login_otp_not_received,mfa_setup_fails,None",True,False,False,True,True,False,False,True
1165,475,analytics_data_wrong,Platform,677,False,True,True,"1,3",677,analytics_data_wrong,0.990347146987915,True,"677,664,638,627,98","analytics_data_wrong,None,analytics_data_wrong,dashboard_extremely_slow,None",True,True,False,False,True,True,False,False
1156,28,password_reset_broken,Authentication,675,False,True,True,"2,4",675,,0.991186797618866,False,"675,669,115,704,128","None,password_reset_broken,None,password_reset_broken,None",True,False,False,True,True,False,False,True
1161,200,wallet_balance_incorrect,Payments,649,True,True,True,"1,3",684,wallet_balance_incorrect,0.8627697229385376,True,"684,649,705,687,658","wallet_balance_incorrect,None,wallet_balance_incorrect,None,refund_not_processed",True,True,False,False,True,True,False,False
1157,93,account_locked_incorrectly,Authentication,639,True,True,False,,639,,0.5339063405990601,False,"639,142,515,275,563","None,None,None,None,None",False,False,False,False,False,False,False,False
1158,82,account_locked_incorrectly,Authentication,639,True,True,True,3,639,,0.6477402448654175,False,"639,142,680,563,515","None,None,account_locked_incorrectly,None,None",True,False,False,True,True,False,False,True
1162,187,subscription_upgrade_failed,Payments,617,True,True,True,"1,3",690,subscription_upgrade_failed,0.808470606803894,True,"690,617,701,626,619","subscription_upgrade_failed,None,subscription_upgrade_failed,None,None",True,True,False,False,True,True,False,False
1166,19,login_otp_not_received,Authentication,663,True,True,True,"1,2,5",663,login_otp_not_received,0.8691017031669617,True,"663,621,219,623,637","login_otp_not_received,login_otp_not_received,None,session_logs_out_randomly,login_otp_not_received",True,True,False,False,True,True,False,False
1163,40,password_reset_broken,Authentication,675,True,True,True,"2,3",340,,0.613416314125061,False,"340,704,669,675,275","None,password_reset_broken,password_reset_broken,None,None",True,False,False,True,False,False,False,False
1164,439,api_integration_broken,Platform,676,False,True,True,1,676,api_integration_broken,0.9899223446846008,True,"676,692,352,646,545","api_integration_broken,live_chat_unavailable,notifications_not_sent,None,None",True,True,False,False,True,True,False,False
1170,378,ticket_reopened_repeatedly,Customer Success,650,True,True,True,1,650,ticket_reopened_repeatedly,0.9747455716133118,True,"650,643,462,624,382","ticket_reopened_repeatedly,None,None,None,None",True,True,False,False,True,True,False,False
1167,64,session_logs_out_randomly,Authentication,659,True,True,True,"1,3,5",659,session_logs_out_randomly,0.5020762085914612,True,"659,554,623,598,635","session_logs_out_randomly,None,session_logs_out_randomly,None,session_logs_out_randomly",False,False,False,False,False,False,False,False
1169,159,invoice_missing_details,Payments,678,False,True,True,"1,3,4,5",678,invoice_missing_details,0.9904795289039612,True,"678,626,618,625,653","invoice_missing_details,None,invoice_missing_details,invoice_missing_details,invoice_missing_details",True,True,False,False,True,True,False,False
1172,265,sync_not_updating,Engineering,615,True,True,True,"1,3,5",615,sync_not_updating,0.8474146723747253,True,"615,631,672,302,667","sync_not_updating,permissions_not_saving,sync_not_updating,None,sync_not_updating",True,True,False,False,True,True,False,False
1171,402,escalation_ignored,Customer Success,629,True,True,True,1,629,escalation_ignored,0.9513477683067322,True,"629,643,687,168,385","escalation_ignored,None,None,None,None",True,True,False,False,True,True,False,False
1173,150,refund_not_processed,Payments,314,True,True,True,"1,4",683,refund_not_processed,0.9540056586265564,True,"683,687,314,658,643","refund_not_processed,None,None,refund_not_processed,None",True,True,False,False,True,True,False,False
1174,175,subscription_upgrade_failed,Payments,619,True,True,True,"1,3",690,subscription_upgrade_failed,0.8679974675178528,True,"690,651,701,619,626","subscription_upgrade_failed,double_charged,subscription_upgrade_failed,None,None",True,True,False,False,True,True,False,False
1176,111,cant_change_email,Authentication,622,True,True,True,1,622,cant_change_email,0.6939600110054016,True,"622,704,656,429,615","cant_change_email,password_reset_broken,None,None,sync_not_updating",True,True,False,False,True,True,False,False
1191,197,wallet_balance_incorrect,Payments,626,True,True,True,"1,3",684,wallet_balance_incorrect,0.8822520971298218,True,"684,649,705,314,683","wallet_balance_incorrect,None,wallet_balance_incorrect,None,refund_not_processed",True,True,False,False,True,True,False,False
1177,416,export_fails,Platform,674,True,True,True,"1,2,3,4",700,export_fails,0.904845654964447,True,"700,674,661,648,647","export_fails,export_fails,export_fails,export_fails,attachments_fail_to_upload",True,True,False,False,True,True,False,False
1186,84,account_locked_incorrectly,Authentication,680,False,True,True,1,680,account_locked_incorrectly,0.9909762740135193,True,"680,336,639,195,624","account_locked_incorrectly,None,None,None,None",True,True,False,False,True,True,False,False
1178,142,refund_not_processed,Payments,314,True,True,True,"3,4",687,,0.7455997467041016,False,"687,314,683,658,643","None,None,refund_not_processed,refund_not_processed,None",True,False,False,True,True,False,False,True
1179,359,no_response_from_support,Customer Success,670,True,True,True,"1,5",488,no_response_from_support,0.8090839982032776,True,"488,670,643,237,699","no_response_from_support,None,None,None,no_response_from_support",True,True,False,False,True,True,False,False
1180,59,session_logs_out_randomly,Authentication,659,True,True,True,1,659,session_logs_out_randomly,0.5628126859664917,True,"659,620,554,150,598","session_logs_out_randomly,connection_drops_frequently,None,None,None",False,False,False,False,False,False,False,False
1187,438,api_integration_broken,Platform,681,False,True,True,"1,2",681,api_integration_broken,0.9884047508239746,True,"681,644,155,161,398","api_integration_broken,api_integration_broken,None,None,None",True,True,False,False,True,True,False,False
1181,350,no_response_from_support,Customer Success,679,False,True,True,1,679,no_response_from_support,0.9915599226951599,True,"679,643,553,345,105","no_response_from_support,None,None,None,None",True,True,False,False,True,True,False,False
1182,347,no_response_from_support,Customer Success,646,True,True,True,2,694,live_chat_unavailable,0.5821856260299683,False,"694,699,640,646,26","live_chat_unavailable,no_response_from_support,None,None,None",False,False,False,False,False,False,False,False
1198,14,login_otp_not_received,Authentication,634,True,True,True,1,634,login_otp_not_received,0.8118584156036377,True,"634,688,660,675,185","login_otp_not_received,None,mfa_setup_fails,None,None",True,True,False,False,True,True,False,False
1183,70,sso_login_fails,Authentication,296,True,True,True,1,296,sso_login_fails,0.6539967060089111,True,"296,563,400,26,515","sso_login_fails,None,None,None,None",True,True,False,False,True,True,False,False
1184,163,invoice_missing_details,Payments,678,True,True,True,"1,3,4,5",678,invoice_missing_details,0.7383154034614563,True,"678,626,618,653,625","invoice_missing_details,None,invoice_missing_details,invoice_missing_details,invoice_missing_details",True,True,False,False,True,True,False,False
1185,404,escalation_ignored,Customer Success,629,True,True,True,1,629,escalation_ignored,0.9902245402336121,True,"629,168,385,699,643","escalation_ignored,None,None,no_response_from_support,None",True,True,False,False,True,True,False,False
1192,155,refund_not_processed,Payments,683,False,True,True,"1,4",683,refund_not_processed,0.9912393689155579,True,"683,687,314,658,643","refund_not_processed,None,None,refund_not_processed,None",True,True,False,False,True,True,False,False
1189,153,refund_not_processed,Payments,649,True,True,True,"4,5",687,,0.6093037724494934,False,"687,314,649,658,683","None,None,None,refund_not_processed,refund_not_processed",True,False,False,True,False,False,False,False
1190,381,ticket_reopened_repeatedly,Customer Success,650,True,True,True,1,650,ticket_reopened_repeatedly,0.9205626845359802,True,"650,643,624,462,699","ticket_reopened_repeatedly,None,None,None,no_response_from_support",True,True,False,False,True,True,False,False
1195,60,session_logs_out_randomly,Authentication,623,True,True,True,1,623,session_logs_out_randomly,0.9401624798774719,True,"623,452,598,130,594","session_logs_out_randomly,None,None,None,None",True,True,False,False,True,True,False,False
1197,26,password_reset_broken,Authentication,675,True,True,True,"2,4",675,,0.8904725909233093,False,"675,669,115,704,275","None,password_reset_broken,None,password_reset_broken,None",True,False,False,True,True,False,False,True
1196,318,connection_drops_frequently,Engineering,620,True,True,True,"1,2",693,connection_drops_frequently,0.7451744675636292,True,"693,620,100,554,307","connection_drops_frequently,connection_drops_frequently,None,None,None",True,True,False,False,True,True,False,False
1199,89,account_locked_incorrectly,Authentication,639,True,True,True,3,639,,0.8508026003837585,False,"639,142,680,563,515","None,None,account_locked_incorrectly,None,None",True,False,False,True,True,False,False,True
1200,191,wallet_balance_incorrect,Payments,684,False,True,True,"1,3",684,wallet_balance_incorrect,0.9901747703552246,True,"684,649,705,664,26","wallet_balance_incorrect,None,wallet_balance_incorrect,None,None",True,True,False,False,True,True,False,False
1201,129,double_charged,Payments,685,False,True,True,1,685,double_charged,0.9907721281051636,True,"685,626,619,664,684","double_charged,None,None,None,wallet_balance_incorrect",True,True,False,False,True,True,False,False
1203,186,subscription_upgrade_failed,Payments,668,True,True,True,"1,5",668,subscription_upgrade_failed,0.9494041800498962,True,"668,649,656,702,701","subscription_upgrade_failed,None,None,escalation_ignored,subscription_upgrade_failed",True,True,False,False,True,True,False,False
1212,174,subscription_upgrade_failed,Payments,668,True,True,True,1,668,subscription_upgrade_failed,0.7540720105171204,True,"668,661,642,198,26","subscription_upgrade_failed,export_fails,update_broke_feature,None,None",True,True,False,False,True,True,False,False
1204,471,analytics_data_wrong,Platform,638,True,True,True,"1,2",638,analytics_data_wrong,0.8848434686660767,True,"638,677,98,664,627","analytics_data_wrong,analytics_data_wrong,None,None,dashboard_extremely_slow",True,True,False,False,True,True,False,False
1205,203,card_declined_incorrectly,Payments,654,True,True,True,"1,2",654,card_declined_incorrectly,0.9270039796829224,True,"654,632,639,626,649","card_declined_incorrectly,card_declined_incorrectly,None,None,None",True,True,False,False,True,True,False,False
1223,373,agent_unhelpful,Customer Success,657,True,True,True,"1,2",657,agent_unhelpful,0.9118195176124573,True,"657,212,292,650,699","agent_unhelpful,agent_unhelpful,None,ticket_reopened_repeatedly,no_response_from_support",True,True,False,False,True,True,False,False
1206,36,password_reset_broken,Authentication,675,True,True,True,"1,4",704,password_reset_broken,0.4663800299167633,True,"704,275,675,669,143","password_reset_broken,None,None,password_reset_broken,None",False,False,False,False,False,False,False,False
1213,100,mfa_setup_fails,Authentication,686,False,True,True,"1,3,4",686,mfa_setup_fails,0.990311861038208,True,"686,645,660,689,688","mfa_setup_fails,None,mfa_setup_fails,mfa_setup_fails,None",True,True,False,False,True,True,False,False
1207,374,agent_unhelpful,Customer Success,670,True,True,False,,670,,0.8683653473854065,False,"670,382,694,324,578","None,None,live_chat_unavailable,None,None",True,False,False,True,True,False,False,True
1208,419,export_fails,Platform,674,True,True,True,"1,2,3,4",674,export_fails,0.9836344718933105,True,"674,700,648,661,647","export_fails,export_fails,export_fails,export_fails,attachments_fail_to_upload",True,True,False,False,True,True,False,False
1218,253,dashboard_extremely_slow,Engineering,627,True,True,True,"1,3,4",706,dashboard_extremely_slow,0.7048720717430115,True,"706,500,703,682,277","dashboard_extremely_slow,None,dashboard_extremely_slow,dashboard_extremely_slow,None",True,True,False,False,True,True,False,False
1209,291,sync_not_updating,Engineering,672,True,True,True,"1,2,3,4",672,sync_not_updating,0.9549720287322998,True,"672,616,636,667,499","sync_not_updating,sync_not_updating,sync_not_updating,sync_not_updating,None",True,True,False,False,True,True,False,False
1214,313,connection_drops_frequently,Engineering,620,True,True,True,2,636,sync_not_updating,0.7830113172531128,False,"636,620,222,500,100","sync_not_updating,connection_drops_frequently,None,None,None",True,False,True,False,True,False,True,False
1210,85,account_locked_incorrectly,Authentication,639,True,True,False,,639,,0.6259253621101379,False,"639,142,515,563,394","None,None,None,None,None",True,False,False,True,False,False,False,False
1211,317,connection_drops_frequently,Engineering,640,True,True,True,5,640,,0.8744969964027405,False,"640,652,697,342,693","None,app_crashes_on_open,cannot_cancel_subscription,None,connection_drops_frequently",True,False,False,True,True,False,False,True
1215,358,no_response_from_support,Customer Success,630,True,True,True,1,699,no_response_from_support,0.8637699484825134,True,"699,670,643,694,702","no_response_from_support,None,None,live_chat_unavailable,escalation_ignored",True,True,False,False,True,True,False,False
1219,399,escalation_ignored,Customer Success,630,True,True,True,1,702,escalation_ignored,0.7297225594520569,True,"702,699,670,26,643","escalation_ignored,no_response_from_support,None,None,None",True,True,False,False,True,True,False,False
1216,146,refund_not_processed,Payments,687,False,True,True,"3,4",687,,0.9911110401153564,False,"687,314,683,658,643","None,None,refund_not_processed,refund_not_processed,None",True,False,False,True,True,False,False,True
1217,62,session_logs_out_randomly,Authentication,452,True,True,True,4,130,,0.5844215154647827,False,"130,296,452,623,420","None,sso_login_fails,None,session_logs_out_randomly,None",False,False,False,False,False,False,False,False
1220,293,sync_not_updating,Engineering,667,True,True,True,"1,4",667,sync_not_updating,0.9789735674858093,True,"667,574,664,615,652","sync_not_updating,None,None,sync_not_updating,app_crashes_on_open",True,True,False,False,True,True,False,False
1222,102,mfa_setup_fails,Authentication,689,False,True,True,1,689,mfa_setup_fails,0.9908525347709656,True,"689,296,459,645,639","mfa_setup_fails,sso_login_fails,None,None,None",True,True,False,False,True,True,False,False
1225,307,update_broke_feature,Engineering,548,True,True,True,"1,2,4",707,update_broke_feature,0.6699424386024475,True,"707,548,590,695,58","update_broke_feature,update_broke_feature,None,update_broke_feature,None",True,True,False,False,True,True,False,False
1224,183,subscription_upgrade_failed,Payments,690,False,True,True,"1,3",690,subscription_upgrade_failed,0.9902244210243225,True,"690,651,701,626,21","subscription_upgrade_failed,double_charged,subscription_upgrade_failed,None,None",True,True,False,False,True,True,False,False
1226,459,notifications_not_sent,Platform,646,True,True,True,3,646,,0.5468249917030334,False,"646,56,352,152,27","None,None,notifications_not_sent,None,None",False,False,False,False,False,False,False,False
1227,37,password_reset_broken,Authentication,669,True,True,True,"1,2",704,password_reset_broken,0.8642967939376831,True,"704,669,675,656,275","password_reset_broken,password_reset_broken,None,None,None",True,True,False,False,True,True,False,False
1228,151,refund_not_processed,Payments,687,True,True,True,"2,4",687,,0.831574022769928,False,"687,658,314,683,428","None,refund_not_processed,None,refund_not_processed,None",True,False,False,True,True,False,False,True
1229,54,session_logs_out_randomly,Authentication,659,True,True,True,"1,4",659,session_logs_out_randomly,0.5836806297302246,True,"659,652,446,623,598","session_logs_out_randomly,app_crashes_on_open,None,session_logs_out_randomly,None",False,False,False,False,False,False,False,False
1238,140,refund_not_processed,Payments,683,True,True,True,"1,3",683,refund_not_processed,0.939389705657959,True,"683,687,658,314,237","refund_not_processed,None,refund_not_processed,None,None",True,True,False,False,True,True,False,False
1230,290,sync_not_updating,Engineering,615,True,True,True,"1,4",615,sync_not_updating,0.9907551407814026,True,"615,607,302,667,633","sync_not_updating,None,None,sync_not_updating,None",True,True,False,False,True,True,False,False
1231,81,account_locked_incorrectly,Authentication,639,True,True,False,,639,,0.5457376837730408,False,"639,594,515,165,456","None,None,None,None,None",False,False,False,False,False,False,False,False
1247,22,login_otp_not_received,Authentication,645,True,True,False,,645,,0.7519230246543884,False,"645,686,515,26,598","None,mfa_setup_fails,None,None,None",True,False,False,True,True,False,False,True
1232,218,app_crashes_on_open,Engineering,652,True,True,True,"1,2",655,app_crashes_on_open,0.8384180068969727,True,"655,652,19,386,130","app_crashes_on_open,app_crashes_on_open,None,None,None",True,True,False,False,True,True,False,False
1239,431,api_integration_broken,Platform,676,True,True,True,1,676,api_integration_broken,0.9437846541404724,True,"676,652,697,255,352","api_integration_broken,app_crashes_on_open,cannot_cancel_subscription,None,notifications_not_sent",True,True,False,False,True,True,False,False
1233,446,permissions_not_saving,Platform,633,True,True,True,"1,3",691,permissions_not_saving,0.7367047667503357,True,"691,633,631,380,190","permissions_not_saving,None,permissions_not_saving,None,None",True,True,False,False,True,True,False,False
1234,46,session_logs_out_randomly,Authentication,659,True,True,True,"1,5",659,session_logs_out_randomly,0.8651736974716187,True,"659,452,419,598,623","session_logs_out_randomly,None,None,None,session_logs_out_randomly",True,True,False,False,True,True,False,False
1244,304,update_broke_feature,Engineering,642,True,True,True,"1,2",642,update_broke_feature,0.9873518943786621,True,"642,695,664,646,684","update_broke_feature,update_broke_feature,None,None,wallet_balance_incorrect",True,True,False,False,True,True,False,False
1240,144,refund_not_processed,Payments,658,True,True,True,2,687,,0.7385202646255493,False,"687,658,314,705,649","None,refund_not_processed,None,wallet_balance_incorrect,None",True,False,False,True,True,False,False,True
1236,354,no_response_from_support,Customer Success,488,True,True,True,"1,5",488,no_response_from_support,0.8368092775344849,True,"488,670,237,643,699","no_response_from_support,None,None,None,no_response_from_support",True,True,False,False,True,True,False,False
1237,398,escalation_ignored,Customer Success,629,True,True,True,1,629,escalation_ignored,0.9349668025970459,True,"629,235,699,385,643","escalation_ignored,None,no_response_from_support,None,None",True,True,False,False,True,True,False,False
1241,328,search_returns_nothing,Engineering,646,True,True,True,1,698,search_returns_nothing,0.8282712697982788,True,"698,646,561,695,369","search_returns_nothing,None,None,update_broke_feature,None",True,True,False,False,True,True,False,False
1245,479,analytics_data_wrong,Platform,664,True,True,True,"3,4",664,,0.752264678478241,False,"664,649,677,638,30","None,None,analytics_data_wrong,analytics_data_wrong,None",True,False,False,True,True,False,False,True
1242,367,agent_unhelpful,Customer Success,624,True,True,True,1,212,agent_unhelpful,0.6309248208999634,True,"212,624,261,643,54","agent_unhelpful,None,None,None,None",True,True,False,False,False,False,False,False
1243,139,refund_not_processed,Payments,658,True,True,True,1,658,refund_not_processed,0.9221708178520203,True,"658,314,687,649,596","refund_not_processed,None,None,None,None",True,True,False,False,True,True,False,False
1249,434,api_integration_broken,Platform,681,True,True,True,1,681,api_integration_broken,0.7285504937171936,True,"681,707,664,652,140","api_integration_broken,update_broke_feature,None,app_crashes_on_open,None",True,True,False,False,True,True,False,False
1246,353,no_response_from_support,Customer Success,670,True,True,True,1,699,no_response_from_support,0.8731857538223267,True,"699,643,670,707,702","no_response_from_support,None,None,update_broke_feature,escalation_ignored",True,True,False,False,True,True,False,False
1248,49,session_logs_out_randomly,Authentication,659,True,True,True,"1,4",659,session_logs_out_randomly,0.5866487622261047,True,"659,620,554,623,598","session_logs_out_randomly,connection_drops_frequently,None,session_logs_out_randomly,None",True,True,False,False,False,False,False,False
1250,223,app_crashes_on_open,Engineering,652,True,True,True,"1,3",652,app_crashes_on_open,0.886798083782196,True,"652,386,655,130,537","app_crashes_on_open,None,app_crashes_on_open,None,None",True,True,False,False,True,True,False,False
1299,192,wallet_balance_incorrect,Payments,649,True,True,True,"4,5",649,,0.9738546013832092,False,"649,658,619,684,705","None,refund_not_processed,None,wallet_balance_incorrect,wallet_balance_incorrect",True,False,False,True,True,False,False,True
1300,234,app_crashes_on_open,Engineering,673,True,True,True,1,673,app_crashes_on_open,0.7405405640602112,True,"673,150,646,127,554","app_crashes_on_open,None,None,None,None",True,True,False,False,True,True,False,False
1301,259,sync_not_updating,Engineering,636,True,True,True,"1,2",636,sync_not_updating,0.9774860143661499,True,"636,672,574,200,584","sync_not_updating,sync_not_updating,None,None,None",True,True,False,False,True,True,False,False
1327,329,search_returns_nothing,Engineering,641,True,True,True,1,641,search_returns_nothing,0.7212931513786316,True,"641,403,696,31,369","search_returns_nothing,None,None,None,None",True,True,False,False,True,True,False,False
1306,119,double_charged,Payments,685,True,True,True,1,685,double_charged,0.7227599024772644,True,"685,687,649,626,619","double_charged,None,None,None,None",True,True,False,False,True,True,False,False
1315,31,password_reset_broken,Authentication,669,True,True,True,"3,4",675,,0.5667822360992432,False,"675,115,669,704,143","None,None,password_reset_broken,password_reset_broken,None",False,False,False,False,False,False,False,False
1307,323,connection_drops_frequently,Engineering,640,True,True,False,,640,,0.8945579528808594,False,"640,342,307,302,100","None,None,None,None,None",True,False,False,True,True,False,False,True
1309,368,agent_unhelpful,Customer Success,630,True,True,False,,630,,0.7200688719749451,False,"630,702,644,398,493","None,escalation_ignored,api_integration_broken,None,None",True,False,False,True,True,False,False,True
1316,343,no_response_from_support,Customer Success,699,False,True,True,1,699,no_response_from_support,0.9908623695373535,True,"699,670,643,694,92","no_response_from_support,None,None,live_chat_unavailable,None",True,True,False,False,True,True,False,False
1310,4,login_otp_not_received,Authentication,645,True,True,False,,645,,0.7725331783294678,False,"645,686,456,515,689","None,mfa_setup_fails,None,None,mfa_setup_fails",True,False,False,True,True,False,False,True
1311,472,analytics_data_wrong,Platform,677,True,True,True,"1,3",677,analytics_data_wrong,0.8715952038764954,True,"677,664,638,627,611","analytics_data_wrong,None,analytics_data_wrong,dashboard_extremely_slow,None",True,True,False,False,True,True,False,False
1312,39,password_reset_broken,Authentication,669,True,True,True,"1,2",669,password_reset_broken,0.9900385141372681,True,"669,704,675,656,275","password_reset_broken,password_reset_broken,None,None,None",True,True,False,False,True,True,False,False
1317,278,sync_not_updating,Engineering,667,True,True,True,"1,2",667,sync_not_updating,0.911925733089447,True,"667,615,193,640,302","sync_not_updating,sync_not_updating,None,None,None",True,True,False,False,True,True,False,False
1313,18,login_otp_not_received,Authentication,621,True,True,True,"1,2,3,5",621,login_otp_not_received,0.9679205417633057,True,"621,663,637,559,634","login_otp_not_received,login_otp_not_received,login_otp_not_received,None,login_otp_not_received",True,True,False,False,True,True,False,False
1314,466,notifications_not_sent,Platform,646,True,True,True,3,646,,0.846947193145752,False,"646,62,352,192,148","None,None,notifications_not_sent,None,None",True,False,False,True,True,False,False,True
1324,87,account_locked_incorrectly,Authentication,639,True,True,True,4,639,,0.7850708961486816,False,"639,563,594,680,26","None,None,None,account_locked_incorrectly,None",True,False,False,True,True,False,False,True
1318,458,notifications_not_sent,Platform,646,True,True,True,2,646,,0.799399733543396,False,"646,352,384,192,148","None,notifications_not_sent,None,None,None",True,False,False,True,True,False,False,True
1321,72,sso_login_fails,Authentication,662,True,True,True,"1,2",662,sso_login_fails,0.9768248200416565,True,"662,628,421,448,420","sso_login_fails,sso_login_fails,None,None,None",True,True,False,False,True,True,False,False
1319,411,export_fails,Platform,700,False,True,True,"1,2,3,5",700,export_fails,0.9901844263076782,True,"700,661,674,46,648","export_fails,export_fails,export_fails,None,export_fails",True,True,False,False,True,True,False,False
1326,252,dashboard_extremely_slow,Engineering,627,True,True,True,"1,3,4,5",627,dashboard_extremely_slow,0.6643888354301453,True,"627,677,665,706,703","dashboard_extremely_slow,analytics_data_wrong,dashboard_extremely_slow,dashboard_extremely_slow,dashboard_extremely_slow",True,True,False,False,True,True,False,False
1323,181,subscription_upgrade_failed,Payments,617,True,True,True,"1,3,5",701,subscription_upgrade_failed,0.9024829864501953,True,"701,617,668,632,690","subscription_upgrade_failed,None,subscription_upgrade_failed,card_declined_incorrectly,subscription_upgrade_failed",True,True,False,False,True,True,False,False
1325,236,app_crashes_on_open,Engineering,603,True,True,True,"1,4",603,app_crashes_on_open,0.5742275714874268,True,"603,537,130,652,83","app_crashes_on_open,None,None,app_crashes_on_open,None",False,False,False,False,False,False,False,False
1328,251,dashboard_extremely_slow,Engineering,664,True,True,True,"1,5",703,dashboard_extremely_slow,0.8934218287467957,True,"703,640,664,652,627","dashboard_extremely_slow,None,None,app_crashes_on_open,dashboard_extremely_slow",True,True,False,False,True,True,False,False
1330,173,subscription_upgrade_failed,Payments,701,False,True,True,"1,3,5",701,subscription_upgrade_failed,0.9910092353820801,True,"701,632,690,617,668","subscription_upgrade_failed,card_declined_incorrectly,subscription_upgrade_failed,None,subscription_upgrade_failed",True,True,False,False,True,True,False,False
1336,386,ticket_reopened_repeatedly,Customer Success,643,True,True,False,,624,,0.6282694339752197,False,"624,27,643,105,99","None,None,None,None,None",True,False,False,True,False,False,False,False
1337,118,double_charged,Payments,626,True,True,True,2,626,,0.8436606526374817,False,"626,685,619,684,678","None,double_charged,None,wallet_balance_incorrect,invoice_missing_details",True,False,False,True,True,False,False,True
1338,169,invoice_missing_details,Payments,653,True,True,True,"1,2,3,5",653,invoice_missing_details,0.8239712119102478,True,"653,618,625,626,678","invoice_missing_details,invoice_missing_details,invoice_missing_details,None,invoice_missing_details",True,True,False,False,True,True,False,False
1339,101,mfa_setup_fails,Authentication,660,True,True,True,"1,5",660,mfa_setup_fails,0.8935497999191284,True,"660,296,459,688,686","mfa_setup_fails,sso_login_fails,None,None,mfa_setup_fails",True,True,False,False,True,True,False,False
1348,75,sso_login_fails,Authentication,628,True,True,True,"1,2",628,sso_login_fails,0.9016422629356384,True,"628,662,452,515,660","sso_login_fails,sso_login_fails,None,None,mfa_setup_fails",True,True,False,False,True,True,False,False
1341,152,refund_not_processed,Payments,687,True,True,True,"3,4",687,,0.6744845509529114,False,"687,314,683,658,643","None,None,refund_not_processed,refund_not_processed,None",True,False,False,True,True,False,False,True
1357,241,dashboard_extremely_slow,Engineering,703,False,True,True,"1,2,3,5",703,dashboard_extremely_slow,0.9904950857162476,True,"703,682,706,577,627","dashboard_extremely_slow,dashboard_extremely_slow,dashboard_extremely_slow,None,dashboard_extremely_slow",True,True,False,False,True,True,False,False
1342,442,permissions_not_saving,Platform,631,True,True,True,1,631,permissions_not_saving,0.7662327885627747,True,"631,687,633,615,707","permissions_not_saving,None,None,sync_not_updating,update_broke_feature",True,True,False,False,True,True,False,False
1349,488,cant_bulk_edit,Platform,666,True,True,True,1,666,cant_bulk_edit,0.9675601124763489,True,"666,261,61,696,643","cant_bulk_edit,None,None,None,None",True,True,False,False,True,True,False,False
1343,297,update_broke_feature,Engineering,695,True,True,True,"1,2",695,update_broke_feature,0.9233845472335815,True,"695,707,58,652,643","update_broke_feature,update_broke_feature,None,app_crashes_on_open,None",True,True,False,False,True,True,False,False
1354,430,api_integration_broken,Platform,681,True,True,True,"1,2",681,api_integration_broken,0.7556026577949524,True,"681,644,513,161,632","api_integration_broken,api_integration_broken,None,None,card_declined_incorrectly",True,True,False,False,True,True,False,False
1345,284,sync_not_updating,Engineering,636,True,True,True,"1,2",636,sync_not_updating,0.8383581042289734,True,"636,672,574,200,418","sync_not_updating,sync_not_updating,None,None,None",True,True,False,False,True,True,False,False
1350,289,sync_not_updating,Engineering,636,True,True,True,"1,2",636,sync_not_updating,0.8099893927574158,True,"636,672,574,166,200","sync_not_updating,sync_not_updating,None,None,None",True,True,False,False,True,True,False,False
1346,401,escalation_ignored,Customer Success,702,False,True,True,1,702,escalation_ignored,0.9895408749580383,True,"702,336,670,699,643","escalation_ignored,None,None,no_response_from_support,None",True,True,False,False,True,True,False,False
1347,9,login_otp_not_received,Authentication,637,True,True,True,"1,2,3",637,login_otp_not_received,0.8578571081161499,True,"637,663,621,683,488","login_otp_not_received,login_otp_not_received,login_otp_not_received,refund_not_processed,no_response_from_support",True,True,False,False,True,True,False,False
1351,24,login_otp_not_received,Authentication,621,True,True,True,"1,4,5",621,login_otp_not_received,0.8660158514976501,True,"621,699,384,663,637","login_otp_not_received,no_response_from_support,None,login_otp_not_received,login_otp_not_received",True,True,False,False,True,True,False,False
1355,392,live_chat_unavailable,Customer Success,692,True,True,True,"1,2",692,live_chat_unavailable,0.9600679278373718,True,"692,694,257,535,567","live_chat_unavailable,live_chat_unavailable,agent_unhelpful,None,None",True,True,False,False,True,True,False,False
1352,443,permissions_not_saving,Platform,691,True,True,True,"1,2",691,permissions_not_saving,0.9412335157394409,True,"691,631,633,190,78","permissions_not_saving,permissions_not_saving,None,None,None",True,True,False,False,True,True,False,False
1353,161,invoice_missing_details,Payments,653,True,True,True,"1,2,3,5",653,invoice_missing_details,0.7609837651252747,True,"653,678,625,626,618","invoice_missing_details,invoice_missing_details,invoice_missing_details,None,invoice_missing_details",True,True,False,False,True,True,False,False
1356,465,notifications_not_sent,Platform,696,True,True,True,4,696,,0.7537703514099121,False,"696,261,212,215,27","None,None,agent_unhelpful,notifications_not_sent,None",True,False,False,True,True,False,False,True
1360,385,ticket_reopened_repeatedly,Customer Success,624,True,True,True,3,624,,0.7855631709098816,False,"624,699,650,532,105","None,no_response_from_support,ticket_reopened_repeatedly,None,None",True,False,False,True,True,False,False,True
1358,370,agent_unhelpful,Customer Success,670,True,True,True,3,670,,0.8177456259727478,False,"670,694,257,324,578","None,live_chat_unavailable,agent_unhelpful,None,None",True,False,False,True,True,False,False,True
1359,51,session_logs_out_randomly,Authentication,659,True,True,True,"1,5",659,session_logs_out_randomly,0.8612374663352966,True,"659,419,448,598,623","session_logs_out_randomly,None,None,None,session_logs_out_randomly",True,True,False,False,True,True,False,False
1361,255,dashboard_extremely_slow,Engineering,665,True,True,True,"1,3,5",665,dashboard_extremely_slow,0.8935381770133972,True,"665,664,627,652,703","dashboard_extremely_slow,None,dashboard_extremely_slow,app_crashes_on_open,dashboard_extremely_slow",True,True,False,False,True,True,False,False
1362,263,sync_not_updating,Engineering,667,True,True,True,"1,5",667,sync_not_updating,0.8049584627151489,True,"667,574,627,193,615","sync_not_updating,None,dashboard_extremely_slow,None,sync_not_updating",True,True,False,False,True,True,False,False
1363,185,subscription_upgrade_failed,Payments,701,True,True,True,"1,4,5",701,subscription_upgrade_failed,0.7909665107727051,True,"701,617,632,690,668","subscription_upgrade_failed,None,card_declined_incorrectly,subscription_upgrade_failed,subscription_upgrade_failed",True,True,False,False,True,True,False,False
1364,134,double_charged,Payments,685,True,True,True,1,685,double_charged,0.9156618714332581,True,"685,619,684,626,664","double_charged,None,wallet_balance_incorrect,None,None",True,True,False,False,True,True,False,False
1383,383,ticket_reopened_repeatedly,Customer Success,664,True,True,False,,624,,0.613940417766571,False,"624,643,664,27,105","None,None,None,None,None",True,False,False,True,False,False,False,False
1365,158,invoice_missing_details,Payments,618,True,True,True,"1,2,4,5",618,invoice_missing_details,0.76688152551651,True,"618,678,626,653,625","invoice_missing_details,invoice_missing_details,None,invoice_missing_details,invoice_missing_details",True,True,False,False,True,True,False,False
1366,184,subscription_upgrade_failed,Payments,617,True,True,True,2,617,,0.7989104986190796,False,"617,701,596,139,593","None,subscription_upgrade_failed,None,api_integration_broken,None",True,False,False,True,True,False,False,True
1367,333,attachments_fail_to_upload,Engineering,671,True,True,True,2,671,,0.6561548709869385,False,"671,87,466,527,311","None,attachments_fail_to_upload,None,None,None",True,False,False,True,True,False,False,True
1380,437,api_integration_broken,Platform,681,True,True,True,"1,3",681,api_integration_broken,0.6684578061103821,True,"681,183,676,672,695","api_integration_broken,update_broke_feature,api_integration_broken,sync_not_updating,update_broke_feature",True,True,False,False,True,True,False,False
1375,204,card_declined_incorrectly,Payments,632,True,True,True,"1,3",632,card_declined_incorrectly,0.9648255109786987,True,"632,701,654,626,26","card_declined_incorrectly,subscription_upgrade_failed,card_declined_incorrectly,None,None",True,True,False,False,True,True,False,False
1369,239,dashboard_extremely_slow,Engineering,682,True,True,True,"1,2,3,4",682,dashboard_extremely_slow,0.8995968103408813,True,"682,703,665,706,277","dashboard_extremely_slow,dashboard_extremely_slow,dashboard_extremely_slow,dashboard_extremely_slow,None",True,True,False,False,True,True,False,False
1370,195,wallet_balance_incorrect,Payments,639,True,True,True,5,649,,0.6958593130111694,False,"649,639,632,685,705","None,None,card_declined_incorrectly,double_charged,wallet_balance_incorrect",True,False,False,True,True,False,False,True
1371,145,refund_not_processed,Payments,683,True,True,True,"1,2",683,refund_not_processed,0.9487560987472534,True,"683,658,687,314,643","refund_not_processed,refund_not_processed,None,None,None",True,True,False,False,True,True,False,False
1376,453,notifications_not_sent,Platform,215,True,True,True,3,144,,0.4741944670677185,False,"144,134,215,27,56","None,None,notifications_not_sent,None,None",False,False,False,False,False,False,False,False
1372,165,invoice_missing_details,Payments,653,True,True,True,"1,3,5",653,invoice_missing_details,0.8756492733955383,True,"653,664,625,685,678","invoice_missing_details,None,invoice_missing_details,double_charged,invoice_missing_details",True,True,False,False,True,True,False,False
1377,361,agent_unhelpful,Customer Success,657,True,True,True,"1,4",657,agent_unhelpful,0.8689440488815308,True,"657,699,401,212,642","agent_unhelpful,no_response_from_support,None,agent_unhelpful,update_broke_feature",True,True,False,False,True,True,False,False
1381,408,export_fails,Platform,648,True,True,True,"1,2,3,4",648,export_fails,0.9001129269599915,True,"648,661,700,674,642","export_fails,export_fails,export_fails,export_fails,update_broke_feature",True,True,False,False,True,True,False,False
1378,420,export_fails,Platform,661,True,True,True,"1,2,3,5",661,export_fails,0.7154990434646606,True,"661,648,674,652,700","export_fails,export_fails,export_fails,app_crashes_on_open,export_fails",True,True,False,False,True,True,False,False
1379,464,notifications_not_sent,Platform,646,True,True,True,"2,3",646,,0.73157799243927,False,"646,66,352,148,192","None,notifications_not_sent,notifications_not_sent,None,None",True,False,False,True,True,False,False,True
1385,380,ticket_reopened_repeatedly,Customer Success,650,True,True,True,2,624,,0.6052424311637878,False,"624,650,27,105,99","None,ticket_reopened_repeatedly,None,None,None",True,False,False,True,False,False,False,False
1382,457,notifications_not_sent,Platform,643,True,True,True,2,144,,0.5053781867027283,False,"144,215,643,30,27","None,notifications_not_sent,None,None,None",False,False,False,False,False,False,False,False
1384,61,session_logs_out_randomly,Authentication,659,True,True,True,"1,5",659,session_logs_out_randomly,0.9056153297424316,True,"659,448,419,598,623","session_logs_out_randomly,None,None,None,session_logs_out_randomly",True,True,False,False,True,True,False,False
1387,109,cant_change_email,Authentication,622,True,True,True,1,622,cant_change_email,0.8638256788253784,True,"622,675,429,656,232","cant_change_email,None,None,None,None",True,True,False,False,True,True,False,False
1386,426,api_integration_broken,Platform,681,True,True,True,"1,2",681,api_integration_broken,0.7501608729362488,True,"681,644,155,161,398","api_integration_broken,api_integration_broken,None,None,None",True,True,False,False,True,True,False,False
1389,156,refund_not_processed,Payments,687,True,True,True,"3,4",687,,0.739886462688446,False,"687,314,683,658,26","None,None,refund_not_processed,refund_not_processed,None",True,False,False,True,True,False,False,True
1390,171,invoice_missing_details,Payments,678,True,True,True,"1,2,3,4",678,invoice_missing_details,0.748591423034668,True,"678,653,625,618,626","invoice_missing_details,invoice_missing_details,invoice_missing_details,invoice_missing_details,None",True,True,False,False,True,True,False,False
1391,107,mfa_setup_fails,Authentication,660,True,True,True,"1,2,5",660,mfa_setup_fails,0.8782262206077576,True,"660,686,296,459,689","mfa_setup_fails,mfa_setup_fails,sso_login_fails,None,mfa_setup_fails",True,True,False,False,True,True,False,False
1406,194,wallet_balance_incorrect,Payments,684,True,True,True,"1,3",684,wallet_balance_incorrect,0.8915630578994751,True,"684,649,705,632,314","wallet_balance_incorrect,None,wallet_balance_incorrect,card_declined_incorrectly,None",True,True,False,False,True,True,False,False
1392,246,dashboard_extremely_slow,Engineering,703,True,True,True,"1,2,4,5",703,dashboard_extremely_slow,0.9028480052947998,True,"703,682,577,706,627","dashboard_extremely_slow,dashboard_extremely_slow,None,dashboard_extremely_slow,dashboard_extremely_slow",True,True,False,False,True,True,False,False
1393,112,cant_change_email,Authentication,656,True,True,False,,656,,0.7496577501296997,False,"656,407,275,337,456","None,None,None,None,None",True,False,False,True,True,False,False,True
1394,287,sync_not_updating,Engineering,616,True,True,True,"1,3,4",636,sync_not_updating,0.6605779528617859,True,"636,633,616,672,564","sync_not_updating,None,sync_not_updating,sync_not_updating,None",True,True,False,False,True,True,False,False
1395,469,analytics_data_wrong,Platform,677,True,True,True,"1,2",677,analytics_data_wrong,0.9577314853668213,True,"677,638,664,627,611","analytics_data_wrong,analytics_data_wrong,None,dashboard_extremely_slow,None",True,True,False,False,True,True,False,False
1402,21,login_otp_not_received,Authentication,637,True,True,True,"1,2,3",637,login_otp_not_received,0.8786202073097229,True,"637,663,621,488,658","login_otp_not_received,login_otp_not_received,login_otp_not_received,no_response_from_support,refund_not_processed",True,True,False,False,True,True,False,False
1396,427,api_integration_broken,Platform,676,True,True,True,1,676,api_integration_broken,0.8876057267189026,True,"676,646,640,642,545","api_integration_broken,None,None,update_broke_feature,None",True,True,False,False,True,True,False,False
1398,390,live_chat_unavailable,Customer Success,692,True,True,True,"1,4",692,live_chat_unavailable,0.937628448009491,True,"692,571,567,694,657","live_chat_unavailable,None,None,live_chat_unavailable,agent_unhelpful",True,True,False,False,True,True,False,False
1403,309,update_broke_feature,Engineering,695,True,True,True,"1,2,3",695,update_broke_feature,0.8233637809753418,True,"695,707,431,455,694","update_broke_feature,update_broke_feature,update_broke_feature,None,live_chat_unavailable",True,True,False,False,True,True,False,False
1399,412,export_fails,Platform,661,True,True,True,"1,2,3,5",661,export_fails,0.8455398082733154,True,"661,700,648,558,674","export_fails,export_fails,export_fails,None,export_fails",True,True,False,False,True,True,False,False
1400,97,mfa_setup_fails,Authentication,686,True,True,True,"1,4,5",686,mfa_setup_fails,0.8042531609535217,True,"686,645,634,660,689","mfa_setup_fails,None,login_otp_not_received,mfa_setup_fails,mfa_setup_fails",True,True,False,False,True,True,False,False
1404,310,update_broke_feature,Engineering,183,True,True,True,"1,2,3,4",183,update_broke_feature,0.5666680932044983,True,"183,586,695,431,489","update_broke_feature,update_broke_feature,update_broke_feature,update_broke_feature,None",False,False,False,False,False,False,False,False
1405,345,no_response_from_support,Customer Success,679,True,True,True,1,679,no_response_from_support,0.969745934009552,True,"679,553,643,345,105","no_response_from_support,None,None,None,None",True,True,False,False,True,True,False,False
1407,138,refund_not_processed,Payments,687,True,True,True,"3,5",687,,0.7060521841049194,False,"687,314,658,649,683","None,None,refund_not_processed,None,refund_not_processed",True,False,False,True,True,False,False,True
1416,41,password_reset_broken,Authentication,669,True,True,True,"1,4",669,password_reset_broken,0.5554555654525757,True,"669,115,675,704,143","password_reset_broken,None,None,password_reset_broken,None",False,False,False,False,False,False,False,False
1408,27,password_reset_broken,Authentication,704,False,True,True,"1,2",704,password_reset_broken,0.9910879731178284,True,"704,669,656,675,226","password_reset_broken,password_reset_broken,None,None,None",True,True,False,False,True,True,False,False
1409,98,mfa_setup_fails,Authentication,660,True,True,True,"1,4",660,mfa_setup_fails,0.8341125249862671,True,"660,296,459,686,688","mfa_setup_fails,sso_login_fails,None,mfa_setup_fails,None",True,True,False,False,True,True,False,False
1422,199,wallet_balance_incorrect,Payments,705,False,True,True,"1,2",705,wallet_balance_incorrect,0.9896817803382874,True,"705,684,314,649,658","wallet_balance_incorrect,wallet_balance_incorrect,None,None,refund_not_processed",True,True,False,False,True,True,False,False
1410,425,api_integration_broken,Platform,139,True,True,True,"1,3,4",139,api_integration_broken,0.6442348957061768,True,"139,183,644,676,695","api_integration_broken,update_broke_feature,api_integration_broken,api_integration_broken,update_broke_feature",True,True,False,False,False,False,False,False
1417,332,search_returns_nothing,Engineering,698,True,True,True,"1,2",698,search_returns_nothing,0.8757215142250061,True,"698,641,579,561,369","search_returns_nothing,search_returns_nothing,None,None,None",True,True,False,False,True,True,False,False
1411,371,agent_unhelpful,Customer Success,212,True,True,True,1,212,agent_unhelpful,0.631958544254303,True,"212,261,643,697,54","agent_unhelpful,None,None,cannot_cancel_subscription,None",True,True,False,False,False,False,False,False
1413,48,session_logs_out_randomly,Authentication,635,True,True,True,"1,5",635,session_logs_out_randomly,0.9158732891082764,True,"635,673,598,384,623","session_logs_out_randomly,app_crashes_on_open,None,None,session_logs_out_randomly",True,True,False,False,True,True,False,False
1418,170,invoice_missing_details,Payments,618,True,True,True,"1,3,5",618,invoice_missing_details,0.7424822449684143,True,"618,685,653,684,678","invoice_missing_details,double_charged,invoice_missing_details,wallet_balance_incorrect,invoice_missing_details",True,True,False,False,True,True,False,False
1414,190,wallet_balance_incorrect,Payments,687,True,True,True,"1,3",705,wallet_balance_incorrect,0.8092625141143799,True,"705,687,684,314,649","wallet_balance_incorrect,None,wallet_balance_incorrect,None,None",True,True,False,False,True,True,False,False
1423,69,sso_login_fails,Authentication,303,True,True,True,1,303,sso_login_fails,0.7126637697219849,True,"303,407,563,552,420","sso_login_fails,None,None,None,None",True,True,False,False,True,True,False,False
1419,105,mfa_setup_fails,Authentication,689,True,True,True,"1,3",689,mfa_setup_fails,0.8687826991081238,True,"689,296,660,645,639","mfa_setup_fails,sso_login_fails,mfa_setup_fails,None,None",True,True,False,False,True,True,False,False
1420,131,double_charged,Payments,619,True,True,True,2,619,,0.7905070185661316,False,"619,685,626,415,314","None,double_charged,None,None,None",True,False,False,True,True,False,False,True
1426,463,notifications_not_sent,Platform,624,True,True,True,3,624,,0.6106659770011902,False,"624,56,352,134,27","None,None,notifications_not_sent,None,None",True,False,False,True,False,False,False,False
1421,125,double_charged,Payments,651,True,True,True,1,651,double_charged,0.9517946839332581,True,"651,626,690,696,619","double_charged,None,subscription_upgrade_failed,None,None",True,True,False,False,True,True,False,False
1424,272,sync_not_updating,Engineering,616,True,True,True,"2,3,4,5",633,,0.7021754384040833,False,"633,616,672,615,636","None,sync_not_updating,sync_not_updating,sync_not_updating,sync_not_updating",True,False,False,True,True,False,False,True
1428,288,sync_not_updating,Engineering,667,True,True,True,"1,2,3",667,sync_not_updating,0.8737064003944397,True,"667,672,636,202,568","sync_not_updating,sync_not_updating,sync_not_updating,None,None",True,True,False,False,True,True,False,False
1425,483,cant_bulk_edit,Platform,696,True,True,True,"2,5",696,,0.8176383376121521,False,"696,370,31,209,666","None,cant_bulk_edit,None,None,cant_bulk_edit",True,False,False,True,True,False,False,True
1427,487,cant_bulk_edit,Platform,696,True,True,True,"2,5",696,,0.8298708200454712,False,"696,370,209,31,666","None,cant_bulk_edit,None,None,cant_bulk_edit",True,False,False,True,True,False,False,True
1429,30,password_reset_broken,Authentication,704,True,True,True,"2,3",340,,0.6682389974594116,False,"340,704,669,275,675","None,password_reset_broken,password_reset_broken,None,None",True,False,False,True,True,False,False,True
1430,238,dashboard_extremely_slow,Engineering,706,False,True,True,"1,2,3",706,dashboard_extremely_slow,0.9906979203224182,True,"706,703,682,577,277","dashboard_extremely_slow,dashboard_extremely_slow,dashboard_extremely_slow,None,None",True,True,False,False,True,True,False,False
1432,74,sso_login_fails,Authentication,296,True,True,True,1,296,sso_login_fails,0.65262770652771,True,"296,563,420,400,689","sso_login_fails,None,None,None,mfa_setup_fails",True,True,False,False,True,True,False,False
1433,363,agent_unhelpful,Customer Success,212,True,True,True,1,212,agent_unhelpful,0.6074766516685486,True,"212,261,560,105,54","agent_unhelpful,None,None,None,None",True,True,False,False,False,False,False,False
1454,330,search_returns_nothing,Engineering,698,True,True,True,1,698,search_returns_nothing,0.9163699150085449,True,"698,139,561,695,58","search_returns_nothing,api_integration_broken,None,update_broke_feature,None",True,True,False,False,True,True,False,False
1434,440,api_integration_broken,Platform,644,True,True,True,"1,3",644,api_integration_broken,0.8816577196121216,True,"644,160,681,696,58","api_integration_broken,None,api_integration_broken,None,None",True,True,False,False,True,True,False,False
1443,193,wallet_balance_incorrect,Payments,705,True,True,True,"1,3",705,wallet_balance_incorrect,0.7665735483169556,True,"705,687,684,690,649","wallet_balance_incorrect,None,wallet_balance_incorrect,subscription_upgrade_failed,None",True,True,False,False,True,True,False,False
1435,460,notifications_not_sent,Platform,646,True,True,True,"2,3",646,,0.670684278011322,False,"646,66,352,62,192","None,notifications_not_sent,notifications_not_sent,None,None",True,False,False,True,True,False,False,True
1436,116,cant_change_email,Authentication,656,True,True,False,,656,,0.7592629790306091,False,"656,704,407,275,337","None,password_reset_broken,None,None,None",True,False,False,True,True,False,False,True
1437,435,api_integration_broken,Platform,676,True,True,True,1,676,api_integration_broken,0.9746549129486084,True,"676,694,646,692,192","api_integration_broken,live_chat_unavailable,None,live_chat_unavailable,None",True,True,False,False,True,True,False,False
1444,486,cant_bulk_edit,Platform,666,True,True,True,1,666,cant_bulk_edit,0.9797119498252869,True,"666,261,696,61,141","cant_bulk_edit,None,None,None,None",True,True,False,False,True,True,False,False
1438,124,double_charged,Payments,685,True,True,True,"1,5",685,double_charged,0.78180992603302,True,"685,619,626,649,651","double_charged,None,None,None,double_charged",True,True,False,False,True,True,False,False
1439,243,dashboard_extremely_slow,Engineering,706,True,True,True,"1,2,3,4",706,dashboard_extremely_slow,0.8911691308021545,True,"706,682,703,665,277","dashboard_extremely_slow,dashboard_extremely_slow,dashboard_extremely_slow,dashboard_extremely_slow,None",True,True,False,False,True,True,False,False
1440,276,sync_not_updating,Engineering,672,True,True,True,"1,2,3",672,sync_not_updating,0.7643483281135559,True,"672,616,636,499,422","sync_not_updating,sync_not_updating,sync_not_updating,None,None",True,True,False,False,True,True,False,False
1445,77,sso_login_fails,Authentication,303,True,True,True,1,303,sso_login_fails,0.6606124043464661,True,"303,634,407,552,420","sso_login_fails,login_otp_not_received,None,None,None",True,True,False,False,True,True,False,False
1441,387,ticket_reopened_repeatedly,Customer Success,650,True,True,True,1,650,ticket_reopened_repeatedly,0.9606555104255676,True,"650,643,462,624,699","ticket_reopened_repeatedly,None,None,None,no_response_from_support",True,True,False,False,True,True,False,False
1442,95,account_locked_incorrectly,Authentication,639,True,True,True,3,639,,0.7849863171577454,False,"639,699,680,594,26","None,no_response_from_support,account_locked_incorrectly,None,None",True,False,False,True,True,False,False,True
1452,196,wallet_balance_incorrect,Payments,705,True,True,True,"1,2",705,wallet_balance_incorrect,0.8795994520187378,True,"705,684,649,658,638","wallet_balance_incorrect,wallet_balance_incorrect,None,refund_not_processed,analytics_data_wrong",True,True,False,False,True,True,False,False
1449,164,invoice_missing_details,Payments,625,True,True,True,"1,2,4,5",625,invoice_missing_details,0.9206868410110474,True,"625,653,626,618,678","invoice_missing_details,invoice_missing_details,None,invoice_missing_details,invoice_missing_details",True,True,False,False,True,True,False,False
1451,403,escalation_ignored,Customer Success,702,True,True,True,1,702,escalation_ignored,0.8609625697135925,True,"702,624,695,58,643","escalation_ignored,None,update_broke_feature,None,None",True,True,False,False,True,True,False,False
1453,344,no_response_from_support,Customer Success,488,True,True,True,"1,3",488,no_response_from_support,0.9795938730239868,True,"488,212,699,643,416","no_response_from_support,agent_unhelpful,no_response_from_support,None,None",True,True,False,False,True,True,False,False
1455,177,subscription_upgrade_failed,Payments,701,True,True,True,"1,3,5",701,subscription_upgrade_failed,0.9651221036911011,True,"701,632,690,617,668","subscription_upgrade_failed,card_declined_incorrectly,subscription_upgrade_failed,None,subscription_upgrade_failed",True,True,False,False,True,True,False,False
1457,254,dashboard_extremely_slow,Engineering,682,True,True,True,"1,2,3",682,dashboard_extremely_slow,0.9545900225639343,True,"682,703,706,277,500","dashboard_extremely_slow,dashboard_extremely_slow,dashboard_extremely_slow,None,None",True,True,False,False,True,True,False,False
1458,285,sync_not_updating,Engineering,615,True,True,True,1,615,sync_not_updating,0.9082812070846558,True,"615,707,607,631,302","sync_not_updating,update_broke_feature,None,permissions_not_saving,None",True,True,False,False,True,True,False,False
1459,219,app_crashes_on_open,Engineering,673,True,True,True,1,673,app_crashes_on_open,0.8802956938743591,True,"673,150,458,36,554","app_crashes_on_open,None,None,None,None",True,True,False,False,True,True,False,False
1460,348,no_response_from_support,Customer Success,699,True,True,True,1,699,no_response_from_support,0.8229719996452332,True,"699,694,643,702,343","no_response_from_support,live_chat_unavailable,None,escalation_ignored,None",True,True,False,False,True,True,False,False
1469,141,refund_not_processed,Payments,687,True,True,True,"3,5",687,,0.9608098864555359,False,"687,314,683,624,658","None,None,refund_not_processed,None,refund_not_processed",True,False,False,True,True,False,False,True
1461,321,connection_drops_frequently,Engineering,693,True,True,True,"1,2",693,connection_drops_frequently,0.728355884552002,True,"693,620,100,554,307","connection_drops_frequently,connection_drops_frequently,None,None,None",True,True,False,False,True,True,False,False
1462,90,account_locked_incorrectly,Authentication,675,True,True,True,4,675,,0.7553666234016418,False,"675,639,115,680,563","None,None,None,account_locked_incorrectly,None",True,False,False,True,True,False,False,True
1463,467,notifications_not_sent,Platform,352,True,True,True,2,571,,0.6023533940315247,False,"571,352,56,134,27","None,notifications_not_sent,None,None,None",True,False,False,True,False,False,False,False
1470,154,refund_not_processed,Payments,658,True,True,True,"1,2",658,refund_not_processed,0.8741665482521057,True,"658,683,687,685,314","refund_not_processed,refund_not_processed,None,double_charged,None",True,True,False,False,True,True,False,False
1464,377,ticket_reopened_repeatedly,Customer Success,624,True,True,True,4,172,,0.6668250560760498,False,"172,624,105,650,31","None,None,None,ticket_reopened_repeatedly,None",True,False,False,True,True,False,False,True
1466,303,update_broke_feature,Engineering,707,False,True,True,"1,2,4",707,update_broke_feature,0.990368127822876,True,"707,548,590,695,58","update_broke_feature,update_broke_feature,None,update_broke_feature,None",True,True,False,False,True,True,False,False
1467,286,sync_not_updating,Engineering,672,True,True,True,"1,2,3,5",672,sync_not_updating,0.839615523815155,True,"672,616,636,499,667","sync_not_updating,sync_not_updating,sync_not_updating,None,sync_not_updating",True,True,False,False,True,True,False,False
1468,32,password_reset_broken,Authentication,704,True,True,True,"2,3",675,,0.8664309978485107,False,"675,704,669,275,226","None,password_reset_broken,password_reset_broken,None,None",True,False,False,True,True,False,False,True
1472,114,cant_change_email,Authentication,656,True,True,False,,656,,0.7726765275001526,False,"656,275,704,515,337","None,None,password_reset_broken,None,None",True,False,False,True,True,False,False,True
