threshold,complaint_ref,issue_id,assigned_case,decision,cross_encoder_score
0.3,1,login_otp_not_received,0,new_case,
0.3,2,login_otp_not_received,1,new_case,0.2667055130004883
0.3,3,login_otp_not_received,0,merge,0.42486777901649475
0.3,4,login_otp_not_received,1,merge,0.4465062618255615
0.3,5,login_otp_not_received,1,merge,0.5627477169036865
0.3,6,login_otp_not_received,1,merge,0.5580953359603882
0.3,7,login_otp_not_received,0,merge,0.8217591047286987
0.3,8,login_otp_not_received,1,merge,0.7698342204093933
0.3,9,login_otp_not_received,0,merge,0.3244742453098297
0.3,10,login_otp_not_received,1,merge,0.6573338508605957
0.3,11,login_otp_not_received,1,merge,0.6965824961662292
0.3,12,login_otp_not_received,0,merge,0.34253203868865967
0.3,13,login_otp_not_received,1,merge,0.7217614054679871
0.3,14,login_otp_not_received,1,merge,0.9360335469245911
0.3,15,login_otp_not_received,0,merge,0.37143683433532715
0.3,16,login_otp_not_received,1,merge,0.7713242173194885
0.3,17,login_otp_not_received,1,merge,0.6252322793006897
0.3,18,login_otp_not_received,2,new_case,0.2737196087837219
0.3,19,login_otp_not_received,0,merge,0.8691017031669617
0.3,20,login_otp_not_received,1,merge,0.7698342204093933
0.3,21,login_otp_not_received,0,merge,0.39161160588264465
0.3,22,login_otp_not_received,1,merge,0.4045272171497345
0.3,23,login_otp_not_received,1,merge,0.7420187592506409
0.3,24,login_otp_not_received,2,merge,0.8833571672439575
0.3,25,password_reset_broken,1,merge,0.3045913875102997
0.3,26,password_reset_broken,3,new_case,0.16976486146450043
0.3,27,password_reset_broken,3,merge,0.5084644556045532
0.3,28,password_reset_broken,3,merge,0.8732446432113647
0.3,29,password_reset_broken,3,merge,0.66053706407547
0.3,30,password_reset_broken,3,merge,0.5674903392791748
0.3,31,password_reset_broken,3,merge,0.8367400169372559
0.3,32,password_reset_broken,3,merge,0.8479186296463013
0.3,33,password_reset_broken,3,merge,0.39193278551101685
0.3,34,password_reset_broken,3,merge,0.5587673783302307
0.3,35,password_reset_broken,3,merge,0.6012354493141174
0.3,36,password_reset_broken,1,merge,0.6159049868583679
0.3,37,password_reset_broken,3,merge,0.6468232870101929
0.3,38,password_reset_broken,3,merge,0.39193278551101685
0.3,39,password_reset_broken,3,merge,0.5228449106216431
0.3,40,password_reset_broken,3,merge,0.5730056762695312
0.3,41,password_reset_broken,3,merge,0.7417066097259521
0.3,42,password_reset_broken,1,merge,0.623805046081543
0.3,43,password_reset_broken,3,merge,0.6685036420822144
0.3,44,password_reset_broken,3,merge,0.535006046295166
0.3,45,session_logs_out_randomly,4,new_case,0.18943195044994354
0.3,46,session_logs_out_randomly,5,new_case,0.09497212618589401
0.3,47,session_logs_out_randomly,6,new_case,0.2684297561645508
0.3,48,session_logs_out_randomly,3,merge,0.5385885238647461
0.3,49,session_logs_out_randomly,5,merge,0.44611048698425293
0.3,50,session_logs_out_randomly,4,merge,0.933376133441925
0.3,51,session_logs_out_randomly,5,merge,0.7896391749382019
0.3,52,session_logs_out_randomly,6,merge,0.7803875803947449
0.3,53,session_logs_out_randomly,4,merge,0.48369112610816956
0.3,54,session_logs_out_randomly,5,merge,0.5017458200454712
0.3,55,session_logs_out_randomly,4,merge,0.7798811793327332
0.3,56,session_logs_out_randomly,5,merge,0.8111405372619629
0.3,57,session_logs_out_randomly,6,merge,0.9909282326698303
0.3,58,session_logs_out_randomly,4,merge,0.5594566464424133
0.3,59,session_logs_out_randomly,3,merge,0.495688259601593
0.3,60,session_logs_out_randomly,4,merge,0.9401624798774719
0.3,61,session_logs_out_randomly,5,merge,0.884676992893219
0.3,62,session_logs_out_randomly,6,merge,0.8851832151412964
0.3,63,session_logs_out_randomly,4,merge,0.6494482159614563
0.3,64,session_logs_out_randomly,5,merge,0.38358360528945923
0.3,65,sso_login_fails,3,merge,0.5953832268714905
0.3,66,sso_login_fails,0,merge,0.3748510181903839
0.3,67,sso_login_fails,0,merge,0.4238780736923218
0.3,68,sso_login_fails,1,merge,0.6225000619888306
0.3,69,sso_login_fails,3,merge,0.5617076754570007
0.3,70,sso_login_fails,1,merge,0.42647308111190796
0.3,71,sso_login_fails,6,merge,0.4262509346008301
0.3,72,sso_login_fails,3,merge,0.6719390749931335
0.3,73,sso_login_fails,3,merge,0.5953832268714905
0.3,74,sso_login_fails,0,merge,0.39290764927864075
0.3,75,sso_login_fails,6,merge,0.4242703914642334
0.3,76,sso_login_fails,3,merge,0.6853209137916565
0.3,77,sso_login_fails,3,merge,0.5805824995040894
0.3,78,sso_login_fails,0,merge,0.3748510181903839
0.3,79,sso_login_fails,6,merge,0.4262509346008301
0.3,80,sso_login_fails,6,merge,0.42233777046203613
0.3,81,account_locked_incorrectly,7,new_case,0.2935560643672943
0.3,82,account_locked_incorrectly,7,merge,0.6011675596237183
0.3,83,account_locked_incorrectly,1,merge,0.6629511117935181
0.3,84,account_locked_incorrectly,4,merge,0.3788343667984009
0.3,85,account_locked_incorrectly,7,merge,0.9152959585189819
0.3,86,account_locked_incorrectly,7,merge,0.5240006446838379
0.3,87,account_locked_incorrectly,7,merge,0.5707516074180603
0.3,88,account_locked_incorrectly,4,merge,0.4023401439189911
0.3,89,account_locked_incorrectly,7,merge,0.8582188487052917
0.3,90,account_locked_incorrectly,3,merge,0.6324074864387512
0.3,91,account_locked_incorrectly,7,merge,0.5236178636550903
0.3,92,account_locked_incorrectly,8,new_case,0.2900102138519287
0.3,93,account_locked_incorrectly,7,merge,0.8758970499038696
0.3,94,account_locked_incorrectly,7,merge,0.566215991973877
0.3,95,account_locked_incorrectly,3,merge,0.5954495668411255
0.3,96,account_locked_incorrectly,8,merge,0.7561080455780029
0.3,97,mfa_setup_fails,1,merge,0.6806742548942566
0.3,98,mfa_setup_fails,9,new_case,0.2116076499223709
0.3,99,mfa_setup_fails,4,merge,0.3400687277317047
0.3,100,mfa_setup_fails,9,merge,0.31577762961387634
0.3,101,mfa_setup_fails,9,merge,0.8580214381217957
0.3,102,mfa_setup_fails,10,new_case,0.2096911519765854
0.3,103,mfa_setup_fails,10,merge,0.41823938488960266
0.3,104,mfa_setup_fails,9,merge,0.8782581686973572
0.3,105,mfa_setup_fails,10,merge,0.8687828779220581
0.3,106,mfa_setup_fails,10,merge,0.3903188705444336
0.3,107,mfa_setup_fails,9,merge,0.8047574162483215
0.3,108,mfa_setup_fails,10,merge,0.8250898122787476
0.3,109,cant_change_email,3,merge,0.4506005048751831
0.3,110,cant_change_email,1,merge,0.5525669455528259
0.3,111,cant_change_email,11,new_case,0.27988123893737793
0.3,112,cant_change_email,7,merge,0.427704781293869
0.3,113,cant_change_email,11,merge,0.7002941966056824
0.3,114,cant_change_email,7,merge,0.43178942799568176
0.3,115,cant_change_email,11,merge,0.958928108215332
0.3,116,cant_change_email,11,merge,0.4502231478691101
0.3,117,double_charged,3,merge,0.4380778968334198
0.3,118,double_charged,12,new_case,0.14181721210479736
0.3,119,double_charged,1,merge,0.3984016180038452
0.3,120,double_charged,13,new_case,0.2707626223564148
0.3,121,double_charged,14,new_case,0.28257042169570923
0.3,122,double_charged,14,merge,0.8762916922569275
0.3,123,double_charged,12,merge,0.8062991499900818
0.3,124,double_charged,14,merge,0.6865801811218262
0.3,125,double_charged,13,merge,0.9517946839332581
0.3,126,double_charged,14,merge,0.7969076037406921
0.3,127,double_charged,14,merge,0.888852059841156
0.3,128,double_charged,12,merge,0.8062991499900818
0.3,129,double_charged,14,merge,0.7378408312797546
0.3,130,double_charged,1,merge,0.5651158690452576
0.3,131,double_charged,14,merge,0.8039225935935974
0.3,132,double_charged,14,merge,0.888852059841156
0.3,133,double_charged,12,merge,0.8146034479141235
0.3,134,double_charged,14,merge,0.5728001594543457
0.3,135,double_charged,13,merge,0.7378313541412354
0.3,136,double_charged,14,merge,0.7790039777755737
0.3,137,refund_not_processed,3,merge,0.3759603500366211
0.3,138,refund_not_processed,15,new_case,0.11333569884300232
0.3,139,refund_not_processed,16,new_case,0.255784809589386
0.3,140,refund_not_processed,17,new_case,0.274637371301651
0.3,141,refund_not_processed,15,merge,0.38973045349121094
0.3,142,refund_not_processed,17,merge,0.4386361837387085
0.3,143,refund_not_processed,15,merge,0.8146770596504211
0.3,144,refund_not_processed,16,merge,0.7656301856040955
0.3,145,refund_not_processed,17,merge,0.8671655058860779
0.3,146,refund_not_processed,15,merge,0.5756776928901672
0.3,147,refund_not_processed,17,merge,0.5136325359344482
0.3,148,refund_not_processed,15,merge,0.8146770596504211
0.3,149,refund_not_processed,16,merge,0.8095205426216125
0.3,150,refund_not_processed,17,merge,0.9717727899551392
0.3,151,refund_not_processed,15,merge,0.5635047554969788
0.3,152,refund_not_processed,17,merge,0.49711212515830994
0.3,153,refund_not_processed,15,merge,0.885567307472229
0.3,154,refund_not_processed,16,merge,0.8399049639701843
0.3,155,refund_not_processed,17,merge,0.9573484659194946
0.3,156,refund_not_processed,15,merge,0.33805686235427856
0.3,157,invoice_missing_details,18,new_case,0.2888430058956146
0.3,158,invoice_missing_details,18,merge,0.3993399143218994
0.3,159,invoice_missing_details,19,new_case,0.29420775175094604
0.3,160,invoice_missing_details,18,merge,0.48788121342658997
0.3,161,invoice_missing_details,18,merge,0.7609838247299194
0.3,162,invoice_missing_details,3,merge,0.45963579416275024
0.3,163,invoice_missing_details,19,merge,0.7383154034614563
0.3,164,invoice_missing_details,18,merge,0.5332980751991272
0.3,165,invoice_missing_details,18,merge,0.8756492733955383
0.3,166,invoice_missing_details,19,merge,0.7675209641456604
0.3,167,invoice_missing_details,19,merge,0.896980881690979
0.3,168,invoice_missing_details,18,merge,0.4891609847545624
0.3,169,invoice_missing_details,18,merge,0.8239712119102478
0.3,170,invoice_missing_details,12,merge,0.5536333918571472
0.3,171,invoice_missing_details,19,merge,0.748591423034668
0.3,172,invoice_missing_details,18,merge,0.4935310184955597
0.3,173,subscription_upgrade_failed,10,merge,0.39075595140457153
0.3,174,subscription_upgrade_failed,11,merge,0.3191947937011719
0.3,175,subscription_upgrade_failed,13,merge,0.46742379665374756
0.3,176,subscription_upgrade_failed,20,new_case,0.16331054270267487
0.3,177,subscription_upgrade_failed,20,merge,0.32761403918266296
0.3,178,subscription_upgrade_failed,3,merge,0.6873867511749268
0.3,179,subscription_upgrade_failed,13,merge,0.3855418860912323
0.3,180,subscription_upgrade_failed,20,merge,0.9816315770149231
0.3,181,subscription_upgrade_failed,20,merge,0.4745831787586212
0.3,182,subscription_upgrade_failed,21,new_case,0.13364487886428833
0.3,183,subscription_upgrade_failed,13,merge,0.43471208214759827
0.3,184,subscription_upgrade_failed,20,merge,0.8211898803710938
0.3,185,subscription_upgrade_failed,20,merge,0.8084986209869385
0.3,186,subscription_upgrade_failed,21,merge,0.79053795337677
0.3,187,subscription_upgrade_failed,3,merge,0.4770888686180115
0.3,188,subscription_upgrade_failed,20,merge,0.9449920058250427
0.3,189,wallet_balance_incorrect,3,merge,0.55663001537323
0.3,190,wallet_balance_incorrect,22,new_case,0.155129536986351
0.3,191,wallet_balance_incorrect,12,merge,0.3824789524078369
0.3,192,wallet_balance_incorrect,3,merge,0.6989333033561707
0.3,193,wallet_balance_incorrect,22,merge,0.9491745233535767
0.3,194,wallet_balance_incorrect,22,merge,0.30333882570266724
0.3,195,wallet_balance_incorrect,22,merge,0.5387146472930908
0.3,196,wallet_balance_incorrect,22,merge,0.7696413993835449
0.3,197,wallet_balance_incorrect,23,new_case,0.26791658997535706
0.3,198,wallet_balance_incorrect,23,merge,0.3730749487876892
0.3,199,wallet_balance_incorrect,22,merge,0.8217779994010925
0.3,200,wallet_balance_incorrect,23,merge,0.943543553352356
0.3,201,card_declined_incorrectly,10,merge,0.4592014253139496
0.3,202,card_declined_incorrectly,20,merge,0.5678519606590271
0.3,203,card_declined_incorrectly,24,new_case,0.23863127827644348
0.3,204,card_declined_incorrectly,24,merge,0.5689002871513367
0.3,205,card_declined_incorrectly,24,merge,0.8374026417732239
0.3,206,card_declined_incorrectly,24,merge,0.6752404570579529
0.3,207,card_declined_incorrectly,24,merge,0.8374026417732239
0.3,208,card_declined_incorrectly,24,merge,0.4607684314250946
0.3,209,cannot_cancel_subscription,25,new_case,0.23937350511550903
0.3,210,cannot_cancel_subscription,20,merge,0.5526140928268433
0.3,211,cannot_cancel_subscription,25,merge,0.8375664949417114
0.3,212,cannot_cancel_subscription,3,merge,0.554153561592102
0.3,213,cannot_cancel_subscription,25,merge,0.8105925917625427
0.3,214,cannot_cancel_subscription,20,merge,0.5526140928268433
0.3,215,cannot_cancel_subscription,25,merge,0.8539010882377625
0.3,216,cannot_cancel_subscription,3,merge,0.554153561592102
0.3,217,app_crashes_on_open,20,merge,0.5717649459838867
0.3,218,app_crashes_on_open,1,merge,0.5045385360717773
0.3,219,app_crashes_on_open,26,new_case,0.23169739544391632
0.3,220,app_crashes_on_open,27,new_case,0.24439379572868347
0.3,221,app_crashes_on_open,3,merge,0.450236052274704
0.3,222,app_crashes_on_open,26,merge,0.5604832768440247
0.3,223,app_crashes_on_open,27,merge,0.584873616695404
0.3,224,app_crashes_on_open,26,merge,0.8836705684661865
0.3,225,app_crashes_on_open,27,merge,0.8986572027206421
0.3,226,app_crashes_on_open,26,merge,0.6811351180076599
0.3,227,app_crashes_on_open,26,merge,0.5287631154060364
0.3,228,app_crashes_on_open,27,merge,0.5918400883674622
0.3,229,app_crashes_on_open,20,merge,0.6850295662879944
0.3,230,app_crashes_on_open,27,merge,0.8986572027206421
0.3,231,app_crashes_on_open,3,merge,0.450236052274704
0.3,232,app_crashes_on_open,26,merge,0.8018651604652405
0.3,233,app_crashes_on_open,27,merge,0.5538626313209534
0.3,234,app_crashes_on_open,26,merge,0.8152967691421509
0.3,235,app_crashes_on_open,27,merge,0.6177509427070618
0.3,236,app_crashes_on_open,27,merge,0.39371898770332336
0.3,237,dashboard_extremely_slow,20,merge,0.4153452217578888
0.3,238,dashboard_extremely_slow,28,new_case,0.0796356126666069
0.3,239,dashboard_extremely_slow,28,merge,0.3247670531272888
0.3,240,dashboard_extremely_slow,29,new_case,0.1746070384979248
0.3,241,dashboard_extremely_slow,30,new_case,0.2750948667526245
0.3,242,dashboard_extremely_slow,31,new_case,0.186417356133461
0.3,243,dashboard_extremely_slow,28,merge,0.8911691308021545
0.3,244,dashboard_extremely_slow,30,merge,0.5642172694206238
0.3,245,dashboard_extremely_slow,29,merge,0.92527836561203
0.3,246,dashboard_extremely_slow,30,merge,0.9028480052947998
0.3,247,dashboard_extremely_slow,31,merge,0.7690481543540955
0.3,248,dashboard_extremely_slow,28,merge,0.9456639885902405
0.3,249,dashboard_extremely_slow,30,merge,0.5642172694206238
0.3,250,dashboard_extremely_slow,29,merge,0.8812727332115173
0.3,251,dashboard_extremely_slow,30,merge,0.8934218287467957
0.3,252,dashboard_extremely_slow,31,merge,0.6643888354301453
0.3,253,dashboard_extremely_slow,28,merge,0.7048720717430115
0.3,254,dashboard_extremely_slow,30,merge,0.3922954797744751
0.3,255,dashboard_extremely_slow,29,merge,0.8935381770133972
0.3,256,dashboard_extremely_slow,30,merge,0.6637433767318726
0.3,257,sync_not_updating,11,merge,0.39881235361099243
0.3,258,sync_not_updating,32,new_case,0.17288096249103546
0.3,259,sync_not_updating,3,merge,0.6579342484474182
0.3,260,sync_not_updating,33,new_case,0.25057950615882874
0.3,261,sync_not_updating,32,merge,0.44430217146873474
0.3,262,sync_not_updating,32,merge,0.5666319131851196
0.3,263,sync_not_updating,32,merge,0.8420454263687134
0.3,264,sync_not_updating,34,new_case,0.2373463213443756
0.3,265,sync_not_updating,33,merge,0.8812278509140015
0.3,266,sync_not_updating,34,merge,0.355903297662735
0.3,267,sync_not_updating,34,merge,0.3575701117515564
0.3,268,sync_not_updating,32,merge,0.9904791712760925
0.3,269,sync_not_updating,34,merge,0.9315127730369568
0.3,270,sync_not_updating,33,merge,0.9688367247581482
0.3,271,sync_not_updating,34,merge,0.46222835779190063
0.3,272,sync_not_updating,20,merge,0.530873715877533
0.3,273,sync_not_updating,32,merge,0.9293327331542969
0.3,274,sync_not_updating,34,merge,0.9906768798828125
0.3,275,sync_not_updating,33,merge,0.9814943075180054
0.3,276,sync_not_updating,1,merge,0.6239171028137207
0.3,277,sync_not_updating,20,merge,0.4268670976161957
0.3,278,sync_not_updating,32,merge,0.9314790964126587
0.3,279,sync_not_updating,34,merge,0.8167199492454529
0.3,280,sync_not_updating,33,merge,0.9814943075180054
0.3,281,sync_not_updating,1,merge,0.6005131006240845
0.3,282,sync_not_updating,11,merge,0.42082467675209045
0.3,283,sync_not_updating,32,merge,0.9904791712760925
0.3,284,sync_not_updating,34,merge,0.874656081199646
0.3,285,sync_not_updating,33,merge,0.9740539193153381
0.3,286,sync_not_updating,34,merge,0.4408210515975952
0.3,287,sync_not_updating,20,merge,0.48361584544181824
0.3,288,sync_not_updating,32,merge,0.8844702839851379
0.3,289,sync_not_updating,34,merge,0.8328118324279785
0.3,290,sync_not_updating,33,merge,0.9636933207511902
0.3,291,sync_not_updating,32,merge,0.5122376680374146
0.3,292,sync_not_updating,34,merge,0.3551165759563446
0.3,293,sync_not_updating,32,merge,0.9806815981864929
0.3,294,sync_not_updating,34,merge,0.9315127730369568
0.3,295,sync_not_updating,33,merge,0.971152663230896
0.3,296,sync_not_updating,34,merge,0.4683891534805298
0.3,297,update_broke_feature,35,new_case,0.20749570429325104
0.3,298,update_broke_feature,35,merge,0.40947940945625305
0.3,299,update_broke_feature,35,merge,0.5756634473800659
0.3,300,update_broke_feature,35,merge,0.4554811418056488
0.3,301,update_broke_feature,35,merge,0.8637390732765198
0.3,302,update_broke_feature,20,merge,0.5613458752632141
0.3,303,update_broke_feature,35,merge,0.6887509822845459
0.3,304,update_broke_feature,35,merge,0.41926729679107666
0.3,305,update_broke_feature,35,merge,0.8637390732765198
0.3,306,update_broke_feature,35,merge,0.5600915551185608
0.3,307,update_broke_feature,20,merge,0.526403546333313
0.3,308,update_broke_feature,11,merge,0.4406362771987915
0.3,309,update_broke_feature,35,merge,0.8805415034294128
0.3,310,update_broke_feature,35,merge,0.5489921569824219
0.3,311,update_broke_feature,35,merge,0.5756634473800659
0.3,312,update_broke_feature,35,merge,0.4554811418056488
0.3,313,connection_drops_frequently,34,merge,0.3917434513568878
0.3,314,connection_drops_frequently,25,merge,0.4434081017971039
0.3,315,connection_drops_frequently,36,new_case,0.22721384465694427
0.3,316,connection_drops_frequently,36,merge,0.6253104209899902
0.3,317,connection_drops_frequently,35,merge,0.31738579273223877
0.3,318,connection_drops_frequently,36,merge,0.7451745867729187
0.3,319,connection_drops_frequently,36,merge,0.6495186686515808
0.3,320,connection_drops_frequently,31,merge,0.6815444231033325
0.3,321,connection_drops_frequently,36,merge,0.7283560633659363
0.3,322,connection_drops_frequently,36,merge,0.6495186686515808
0.3,323,connection_drops_frequently,28,merge,0.3090251386165619
0.3,324,connection_drops_frequently,36,merge,0.8712683320045471
0.3,325,search_returns_nothing,3,merge,0.42737799882888794
0.3,326,search_returns_nothing,37,new_case,0.17480792105197906
0.3,327,search_returns_nothing,37,merge,0.3439646363258362
0.3,328,search_returns_nothing,37,merge,0.8282710909843445
0.3,329,search_returns_nothing,37,merge,0.5606895089149475
0.3,330,search_returns_nothing,37,merge,0.9163699150085449
0.3,331,search_returns_nothing,37,merge,0.49878066778182983
0.3,332,search_returns_nothing,37,merge,0.8757215738296509
0.3,333,attachments_fail_to_upload,38,new_case,0.2545192539691925
0.3,334,attachments_fail_to_upload,3,merge,0.5695770382881165
0.3,335,attachments_fail_to_upload,38,merge,0.7602510452270508
0.3,336,attachments_fail_to_upload,39,new_case,0.29903843998908997
0.3,337,attachments_fail_to_upload,38,merge,0.7442291378974915
0.3,338,attachments_fail_to_upload,39,merge,0.9784788489341736
0.3,339,attachments_fail_to_upload,38,merge,0.6847071051597595
0.3,340,attachments_fail_to_upload,39,merge,0.9910435676574707
0.3,341,no_response_from_support,25,merge,0.3830968141555786
0.3,342,no_response_from_support,40,new_case,0.09136810153722763
0.3,343,no_response_from_support,3,merge,0.532427191734314
0.3,344,no_response_from_support,40,merge,0.5423284769058228
0.3,345,no_response_from_support,41,new_case,0.17811310291290283
0.3,346,no_response_from_support,1,merge,0.4928932785987854
0.3,347,no_response_from_support,40,merge,0.8472176790237427
0.3,348,no_response_from_support,40,merge,0.6064010858535767
0.3,349,no_response_from_support,35,merge,0.35139232873916626
0.3,350,no_response_from_support,41,merge,0.9766594171524048
0.3,351,no_response_from_support,41,merge,0.40309691429138184
0.3,352,no_response_from_support,40,merge,0.9378710985183716
0.3,353,no_response_from_support,40,merge,0.44511184096336365
0.3,354,no_response_from_support,3,merge,0.447416752576828
0.3,355,no_response_from_support,41,merge,0.8604788780212402
0.3,356,no_response_from_support,41,merge,0.37196606397628784
0.3,357,no_response_from_support,40,merge,0.9899791479110718
0.3,358,no_response_from_support,2,merge,0.5266522169113159
0.3,359,no_response_from_support,3,merge,0.5503904819488525
0.3,360,no_response_from_support,41,merge,0.8604788780212402
0.3,361,agent_unhelpful,25,merge,0.43103960156440735
0.3,362,agent_unhelpful,3,merge,0.47873908281326294
0.3,363,agent_unhelpful,42,new_case,0.19192063808441162
0.3,364,agent_unhelpful,3,merge,0.4558132290840149
0.3,365,agent_unhelpful,42,merge,0.43448397517204285
0.3,366,agent_unhelpful,1,merge,0.5668584108352661
0.3,367,agent_unhelpful,42,merge,0.8892538547515869
0.3,368,agent_unhelpful,1,merge,0.5623893141746521
0.3,369,agent_unhelpful,42,merge,0.4659104645252228
0.3,370,agent_unhelpful,40,merge,0.38746178150177
0.3,371,agent_unhelpful,42,merge,0.9293781518936157
0.3,372,agent_unhelpful,43,new_case,0.2275082767009735
0.3,373,agent_unhelpful,42,merge,0.39425379037857056
0.3,374,agent_unhelpful,40,merge,0.33188357949256897
0.3,375,agent_unhelpful,42,merge,0.8765091300010681
0.3,376,agent_unhelpful,43,merge,0.9905840158462524
0.3,377,ticket_reopened_repeatedly,42,merge,0.6369155049324036
0.3,378,ticket_reopened_repeatedly,41,merge,0.49716073274612427
0.3,379,ticket_reopened_repeatedly,42,merge,0.3398289382457733
0.3,380,ticket_reopened_repeatedly,42,merge,0.5476800799369812
0.3,381,ticket_reopened_repeatedly,17,merge,0.3895496428012848
0.3,382,ticket_reopened_repeatedly,3,merge,0.5107346177101135
0.3,383,ticket_reopened_repeatedly,42,merge,0.6558937430381775
0.3,384,ticket_reopened_repeatedly,44,new_case,0.2710750699043274
0.3,385,ticket_reopened_repeatedly,25,merge,0.4625689387321472
0.3,386,ticket_reopened_repeatedly,42,merge,0.582007646560669
0.3,387,ticket_reopened_repeatedly,44,merge,0.9606552720069885
0.3,388,ticket_reopened_repeatedly,25,merge,0.4520781338214874
0.3,389,live_chat_unavailable,40,merge,0.6388614773750305
0.3,390,live_chat_unavailable,29,merge,0.35889559984207153
0.3,391,live_chat_unavailable,40,merge,0.6929855346679688
0.3,392,live_chat_unavailable,37,merge,0.32263562083244324
0.3,393,live_chat_unavailable,40,merge,0.6990317106246948
0.3,394,live_chat_unavailable,3,merge,0.5193137526512146
0.3,395,live_chat_unavailable,40,merge,0.6990317106246948
0.3,396,live_chat_unavailable,37,merge,0.3731725215911865
0.3,397,escalation_ignored,45,new_case,0.2674344480037689
0.3,398,escalation_ignored,25,merge,0.4232344627380371
0.3,399,escalation_ignored,45,merge,0.7170765399932861
0.3,400,escalation_ignored,40,merge,0.33398547768592834
0.3,401,escalation_ignored,45,merge,0.7475360631942749
0.3,402,escalation_ignored,46,new_case,0.2185095101594925
0.3,403,escalation_ignored,45,merge,0.7004322409629822
0.3,404,escalation_ignored,46,merge,0.9229812026023865
0.3,405,export_fails,46,merge,0.30037298798561096
0.3,406,export_fails,43,merge,0.35917216539382935
0.3,407,export_fails,47,new_case,0.12448319792747498
0.3,408,export_fails,47,merge,0.30242758989334106
0.3,409,export_fails,20,merge,0.5736936330795288
0.3,410,export_fails,38,merge,0.4557916224002838
0.3,411,export_fails,47,merge,0.6032543778419495
0.3,412,export_fails,47,merge,0.8455398082733154
0.3,413,export_fails,47,merge,0.6106204390525818
0.3,414,export_fails,20,merge,0.5230092406272888
0.3,415,export_fails,47,merge,0.7340381145477295
0.3,416,export_fails,47,merge,0.530979335308075
0.3,417,export_fails,47,merge,0.7836483716964722
0.3,418,export_fails,47,merge,0.6106204390525818
0.3,419,export_fails,48,new_case,0.2441629320383072
0.3,420,export_fails,47,merge,0.7154990434646606
0.3,421,export_fails,47,merge,0.5843088626861572
0.3,422,export_fails,47,merge,0.7742193937301636
0.3,423,export_fails,49,new_case,0.27767473459243774
0.3,424,export_fails,48,merge,0.9548158049583435
0.3,425,api_integration_broken,50,new_case,0.24277366697788239
0.3,426,api_integration_broken,51,new_case,0.27567926049232483
0.3,427,api_integration_broken,50,merge,0.36149317026138306
0.3,428,api_integration_broken,51,merge,0.4404596984386444
0.3,429,api_integration_broken,50,merge,0.9565093517303467
0.3,430,api_integration_broken,51,merge,0.9338339567184448
0.3,431,api_integration_broken,50,merge,0.39094236493110657
0.3,432,api_integration_broken,51,merge,0.48083019256591797
0.3,433,api_integration_broken,50,merge,0.980187714099884
0.3,434,api_integration_broken,51,merge,0.7744728326797485
0.3,435,api_integration_broken,50,merge,0.3610183596611023
0.3,436,api_integration_broken,51,merge,0.45652517676353455
0.3,437,api_integration_broken,50,merge,0.7908666729927063
0.3,438,api_integration_broken,51,merge,0.6626140475273132
0.3,439,api_integration_broken,50,merge,0.3207451403141022
0.3,440,api_integration_broken,51,merge,0.5080130696296692
0.3,441,permissions_not_saving,33,merge,0.31931254267692566
0.3,442,permissions_not_saving,45,merge,0.4901895523071289
0.3,443,permissions_not_saving,52,new_case,0.20517736673355103
0.3,444,permissions_not_saving,52,merge,0.36851680278778076
0.3,445,permissions_not_saving,3,merge,0.5191662311553955
0.3,446,permissions_not_saving,52,merge,0.7454367280006409
0.3,447,permissions_not_saving,52,merge,0.45625025033950806
0.3,448,permissions_not_saving,33,merge,0.323956698179245
0.3,449,permissions_not_saving,52,merge,0.9093888998031616
0.3,450,permissions_not_saving,52,merge,0.34304794669151306
0.3,451,permissions_not_saving,33,merge,0.323956698179245
0.3,452,permissions_not_saving,52,merge,0.9180963635444641
0.3,453,notifications_not_sent,53,new_case,0.24491548538208008
0.3,454,notifications_not_sent,50,merge,0.41161012649536133
0.3,455,notifications_not_sent,53,merge,0.7310615181922913
0.3,456,notifications_not_sent,50,merge,0.5414935946464539
0.3,457,notifications_not_sent,53,merge,0.9475298523902893
0.3,458,notifications_not_sent,20,merge,0.6587307453155518
0.3,459,notifications_not_sent,53,merge,0.6001965999603271
0.3,460,notifications_not_sent,45,merge,0.6342920660972595
0.3,461,notifications_not_sent,53,merge,0.969270646572113
0.3,462,notifications_not_sent,25,merge,0.30971261858940125
0.3,463,notifications_not_sent,53,merge,0.765322744846344
0.3,464,notifications_not_sent,20,merge,0.567562460899353
0.3,465,notifications_not_sent,53,merge,0.6942885518074036
0.3,466,notifications_not_sent,50,merge,0.4090982675552368
0.3,467,notifications_not_sent,53,merge,0.5757241249084473
0.3,468,notifications_not_sent,50,merge,0.5226694941520691
0.3,469,analytics_data_wrong,54,new_case,0.26533564925193787
0.3,470,analytics_data_wrong,54,merge,0.7689411640167236
0.3,471,analytics_data_wrong,54,merge,0.47005319595336914
0.3,472,analytics_data_wrong,54,merge,0.8613050580024719
0.3,473,analytics_data_wrong,54,merge,0.5290632843971252
0.3,474,analytics_data_wrong,54,merge,0.5819704532623291
0.3,475,analytics_data_wrong,54,merge,0.9821098446846008
0.3,476,analytics_data_wrong,54,merge,0.6221457123756409
0.3,477,analytics_data_wrong,54,merge,0.5819704532623291
0.3,478,analytics_data_wrong,54,merge,0.8989067077636719
0.3,479,analytics_data_wrong,54,merge,0.46915164589881897
0.3,480,analytics_data_wrong,54,merge,0.5419744849205017
0.3,481,cant_bulk_edit,53,merge,0.4570249021053314
0.3,482,cant_bulk_edit,53,merge,0.48562091588974
0.3,483,cant_bulk_edit,55,new_case,0.2911982834339142
0.3,484,cant_bulk_edit,53,merge,0.5023800730705261
0.3,485,cant_bulk_edit,55,merge,0.8535653352737427
0.3,486,cant_bulk_edit,55,merge,0.5111799240112305
0.3,487,cant_bulk_edit,55,merge,0.9125638604164124
0.3,488,cant_bulk_edit,55,merge,0.4162292778491974
0.4,1,login_otp_not_received,0,new_case,
0.4,2,login_otp_not_received,1,new_case,0.2667055130004883
0.4,3,login_otp_not_received,0,merge,0.42486777901649475
0.4,4,login_otp_not_received,1,merge,0.4465062618255615
0.4,5,login_otp_not_received,1,merge,0.5627477169036865
0.4,6,login_otp_not_received,1,merge,0.5580953359603882
0.4,7,login_otp_not_received,0,merge,0.8217591047286987
0.4,8,login_otp_not_received,1,merge,0.7698342204093933
0.4,9,login_otp_not_received,2,new_case,0.3244742453098297
0.4,10,login_otp_not_received,1,merge,0.65733402967453
0.4,11,login_otp_not_received,1,merge,0.6965824961662292
0.4,12,login_otp_not_received,3,new_case,0.34253203868865967
0.4,13,login_otp_not_received,1,merge,0.7217614054679871
0.4,14,login_otp_not_received,1,merge,0.9360334277153015
0.4,15,login_otp_not_received,2,merge,0.9527761340141296
0.4,16,login_otp_not_received,1,merge,0.7713242173194885
0.4,17,login_otp_not_received,1,merge,0.6252322793006897
0.4,18,login_otp_not_received,3,merge,0.9679205417633057
0.4,19,login_otp_not_received,0,merge,0.8691017031669617
0.4,20,login_otp_not_received,1,merge,0.7698342204093933
0.4,21,login_otp_not_received,2,merge,0.9785301089286804
0.4,22,login_otp_not_received,1,merge,0.4045272767543793
0.4,23,login_otp_not_received,1,merge,0.7420187592506409
0.4,24,login_otp_not_received,3,merge,0.8660160303115845
0.4,25,password_reset_broken,4,new_case,0.31739649176597595
0.4,26,password_reset_broken,4,merge,0.5533178448677063
0.4,27,password_reset_broken,4,merge,0.6305000185966492
0.4,28,password_reset_broken,4,merge,0.42319726943969727
0.4,29,password_reset_broken,4,merge,0.7445335984230042
0.4,30,password_reset_broken,4,merge,0.9563254117965698
0.4,31,password_reset_broken,4,merge,0.703445315361023
0.4,32,password_reset_broken,4,merge,0.5956732034683228
0.4,33,password_reset_broken,5,new_case,0.3520204424858093
0.4,34,password_reset_broken,4,merge,0.6306602358818054
0.4,35,password_reset_broken,4,merge,0.9907218217849731
0.4,36,password_reset_broken,1,merge,0.6159049868583679
0.4,37,password_reset_broken,4,merge,0.7520917057991028
0.4,38,password_reset_broken,5,merge,0.9910622835159302
0.4,39,password_reset_broken,4,merge,0.5965078473091125
0.4,40,password_reset_broken,4,merge,0.963538646697998
0.4,41,password_reset_broken,5,merge,0.6922390460968018
0.4,42,password_reset_broken,1,merge,0.6238049268722534
0.4,43,password_reset_broken,5,merge,0.8129048943519592
0.4,44,password_reset_broken,4,merge,0.5955207943916321
0.4,45,session_logs_out_randomly,6,new_case,0.22712358832359314
0.4,46,session_logs_out_randomly,7,new_case,0.28683197498321533
0.4,47,session_logs_out_randomly,8,new_case,0.2684297561645508
0.4,48,session_logs_out_randomly,8,merge,0.4645273685455322
0.4,49,session_logs_out_randomly,7,merge,0.44611048698425293
0.4,50,session_logs_out_randomly,6,merge,0.933376133441925
0.4,51,session_logs_out_randomly,7,merge,0.7896391749382019
0.4,52,session_logs_out_randomly,8,merge,0.7803875803947449
0.4,53,session_logs_out_randomly,6,merge,0.48369118571281433
0.4,54,session_logs_out_randomly,7,merge,0.5017459392547607
0.4,55,session_logs_out_randomly,6,merge,0.7798811793327332
0.4,56,session_logs_out_randomly,7,merge,0.8111405372619629
0.4,57,session_logs_out_randomly,8,merge,0.9909282326698303
0.4,58,session_logs_out_randomly,6,merge,0.5594566464424133
0.4,59,session_logs_out_randomly,7,merge,0.4725450277328491
0.4,60,session_logs_out_randomly,6,merge,0.9401625394821167
0.4,61,session_logs_out_randomly,7,merge,0.884676992893219
0.4,62,session_logs_out_randomly,8,merge,0.8851832151412964
0.4,63,session_logs_out_randomly,6,merge,0.6494482159614563
0.4,64,session_logs_out_randomly,9,new_case,0.38358360528945923
0.4,65,sso_login_fails,10,new_case,0.3436102569103241
0.4,66,sso_login_fails,11,new_case,0.2603994607925415
0.4,67,sso_login_fails,10,merge,0.6468020081520081
0.4,68,sso_login_fails,12,new_case,0.3343410789966583
0.4,69,sso_login_fails,10,merge,0.714744508266449
0.4,70,sso_login_fails,11,merge,0.9778639674186707
0.4,71,sso_login_fails,10,merge,0.6637601256370544
0.4,72,sso_login_fails,10,merge,0.7644065618515015
0.4,73,sso_login_fails,10,merge,0.9913647174835205
0.4,74,sso_login_fails,11,merge,0.9761760830879211
0.4,75,sso_login_fails,10,merge,0.7936161756515503
0.4,76,sso_login_fails,12,merge,0.763627290725708
0.4,77,sso_login_fails,10,merge,0.778529942035675
0.4,78,sso_login_fails,11,merge,0.9907960891723633
0.4,79,sso_login_fails,10,merge,0.6637601256370544
0.4,80,sso_login_fails,12,merge,0.7893831133842468
0.4,81,account_locked_incorrectly,10,merge,0.6321391463279724
0.4,82,account_locked_incorrectly,10,merge,0.5189716815948486
0.4,83,account_locked_incorrectly,1,merge,0.6629511117935181
0.4,84,account_locked_incorrectly,13,new_case,0.3788343369960785
0.4,85,account_locked_incorrectly,10,merge,0.6544637084007263
0.4,86,account_locked_incorrectly,13,merge,0.4148315489292145
0.4,87,account_locked_incorrectly,14,new_case,0.37008389830589294
0.4,88,account_locked_incorrectly,13,merge,0.8563872575759888
0.4,89,account_locked_incorrectly,10,merge,0.6967743635177612
0.4,90,account_locked_incorrectly,10,merge,0.7886873483657837
0.4,91,account_locked_incorrectly,14,merge,0.9130498170852661
0.4,92,account_locked_incorrectly,13,merge,0.8881054520606995
0.4,93,account_locked_incorrectly,10,merge,0.6204622983932495
0.4,94,account_locked_incorrectly,14,merge,0.6808358430862427
0.4,95,account_locked_incorrectly,14,merge,0.8362973928451538
0.4,96,account_locked_incorrectly,13,merge,0.7606393694877625
0.4,97,mfa_setup_fails,1,merge,0.6806743741035461
0.4,98,mfa_setup_fails,15,new_case,0.23919765651226044
0.4,99,mfa_setup_fails,16,new_case,0.3400687277317047
0.4,100,mfa_setup_fails,10,merge,0.49148476123809814
0.4,101,mfa_setup_fails,15,merge,0.8580214381217957
0.4,102,mfa_setup_fails,16,merge,0.8468037247657776
0.4,103,mfa_setup_fails,10,merge,0.5709229707717896
0.4,104,mfa_setup_fails,15,merge,0.8782581686973572
0.4,105,mfa_setup_fails,16,merge,0.7894876003265381
0.4,106,mfa_setup_fails,10,merge,0.5733640193939209
0.4,107,mfa_setup_fails,15,merge,0.8047574162483215
0.4,108,mfa_setup_fails,16,merge,0.754629909992218
0.4,109,cant_change_email,4,merge,0.5426230430603027
0.4,110,cant_change_email,12,merge,0.6783766746520996
0.4,111,cant_change_email,17,new_case,0.3431311845779419
0.4,112,cant_change_email,10,merge,0.4948733448982239
0.4,113,cant_change_email,17,merge,0.7002943158149719
0.4,114,cant_change_email,10,merge,0.6087488532066345
0.4,115,cant_change_email,17,merge,0.958928108215332
0.4,116,cant_change_email,17,merge,0.4502231478691101
0.4,117,double_charged,18,new_case,0.21401967108249664
0.4,118,double_charged,19,new_case,0.319979727268219
0.4,119,double_charged,20,new_case,0.3984016180038452
0.4,120,double_charged,21,new_case,0.2707626223564148
0.4,121,double_charged,18,merge,0.8190362453460693
0.4,122,double_charged,18,merge,0.9511309862136841
0.4,123,double_charged,19,merge,0.8062991499900818
0.4,124,double_charged,20,merge,0.7529895305633545
0.4,125,double_charged,21,merge,0.9517946839332581
0.4,126,double_charged,18,merge,0.6748124361038208
0.4,127,double_charged,18,merge,0.9233217239379883
0.4,128,double_charged,19,merge,0.8062991499900818
0.4,129,double_charged,20,merge,0.7332435846328735
0.4,130,double_charged,20,merge,0.631631076335907
0.4,131,double_charged,18,merge,0.7905070781707764
0.4,132,double_charged,18,merge,0.9233217239379883
0.4,133,double_charged,19,merge,0.8146034479141235
0.4,134,double_charged,20,merge,0.7488172054290771
0.4,135,double_charged,18,merge,0.8102684617042542
0.4,136,double_charged,18,merge,0.7648080587387085
0.4,137,refund_not_processed,22,new_case,0.23534302413463593
0.4,138,refund_not_processed,23,new_case,0.3876018524169922
0.4,139,refund_not_processed,22,merge,0.47669175267219543
0.4,140,refund_not_processed,22,merge,0.6284149289131165
0.4,141,refund_not_processed,22,merge,0.6472088694572449
0.4,142,refund_not_processed,22,merge,0.8055320978164673
0.4,143,refund_not_processed,23,merge,0.8146769404411316
0.4,144,refund_not_processed,20,merge,0.5043736696243286
0.4,145,refund_not_processed,22,merge,0.40737006068229675
0.4,146,refund_not_processed,23,merge,0.5756776928901672
0.4,147,refund_not_processed,22,merge,0.8647406697273254
0.4,148,refund_not_processed,23,merge,0.8146769404411316
0.4,149,refund_not_processed,24,new_case,0.3710865378379822
0.4,150,refund_not_processed,22,merge,0.5363132357597351
0.4,151,refund_not_processed,24,merge,0.6523959040641785
0.4,152,refund_not_processed,22,merge,0.7620565295219421
0.4,153,refund_not_processed,23,merge,0.885567307472229
0.4,154,refund_not_processed,24,merge,0.8741664886474609
0.4,155,refund_not_processed,22,merge,0.45072242617607117
0.4,156,refund_not_processed,22,merge,0.41511034965515137
0.4,157,invoice_missing_details,25,new_case,0.2412835657596588
0.4,158,invoice_missing_details,26,new_case,0.3993399143218994
0.4,159,invoice_missing_details,26,merge,0.6007558703422546
0.4,160,invoice_missing_details,25,merge,0.4878813326358795
0.4,161,invoice_missing_details,25,merge,0.7609837651252747
0.4,162,invoice_missing_details,26,merge,0.7175164222717285
0.4,163,invoice_missing_details,27,new_case,0.2623867690563202
0.4,164,invoice_missing_details,25,merge,0.5332980751991272
0.4,165,invoice_missing_details,25,merge,0.8756492733955383
0.4,166,invoice_missing_details,26,merge,0.834182620048523
0.4,167,invoice_missing_details,27,merge,0.8125043511390686
0.4,168,invoice_missing_details,25,merge,0.4891609847545624
0.4,169,invoice_missing_details,25,merge,0.8239709734916687
0.4,170,invoice_missing_details,26,merge,0.6866950988769531
0.4,171,invoice_missing_details,27,merge,0.8675275444984436
0.4,172,invoice_missing_details,25,merge,0.4935307800769806
0.4,173,subscription_upgrade_failed,28,new_case,0.0683288499712944
0.4,174,subscription_upgrade_failed,29,new_case,0.3191946744918823
0.4,175,subscription_upgrade_failed,26,merge,0.5820974707603455
0.4,176,subscription_upgrade_failed,11,merge,0.692240834236145
0.4,177,subscription_upgrade_failed,28,merge,0.9651221036911011
0.4,178,subscription_upgrade_failed,10,merge,0.7386758923530579
0.4,179,subscription_upgrade_failed,28,merge,0.6195919513702393
0.4,180,subscription_upgrade_failed,11,merge,0.7032921314239502
0.4,181,subscription_upgrade_failed,28,merge,0.9024829864501953
0.4,182,subscription_upgrade_failed,29,merge,0.8248224258422852
0.4,183,subscription_upgrade_failed,21,merge,0.43471190333366394
0.4,184,subscription_upgrade_failed,11,merge,0.7204743027687073
0.4,185,subscription_upgrade_failed,28,merge,0.7909665107727051
0.4,186,subscription_upgrade_failed,29,merge,0.7267614603042603
0.4,187,subscription_upgrade_failed,10,merge,0.6016181707382202
0.4,188,subscription_upgrade_failed,11,merge,0.6775462627410889
0.4,189,wallet_balance_incorrect,26,merge,0.6056631803512573
0.4,190,wallet_balance_incorrect,20,merge,0.5096321105957031
0.4,191,wallet_balance_incorrect,30,new_case,0.38247910141944885
0.4,192,wallet_balance_incorrect,10,merge,0.7352767586708069
0.4,193,wallet_balance_incorrect,20,merge,0.49676498770713806
0.4,194,wallet_balance_incorrect,30,merge,0.8915628790855408
0.4,195,wallet_balance_incorrect,20,merge,0.7422469258308411
0.4,196,wallet_balance_incorrect,31,new_case,0.3776055872440338
0.4,197,wallet_balance_incorrect,30,merge,0.8822521567344666
0.4,198,wallet_balance_incorrect,32,new_case,0.3988856375217438
0.4,199,wallet_balance_incorrect,31,merge,0.9402108192443848
0.4,200,wallet_balance_incorrect,30,merge,0.8627697229385376
0.4,201,card_declined_incorrectly,32,merge,0.6033650040626526
0.4,202,card_declined_incorrectly,20,merge,0.49213486909866333
0.4,203,card_declined_incorrectly,33,new_case,0.3388141393661499
0.4,204,card_declined_incorrectly,28,merge,0.686173141002655
0.4,205,card_declined_incorrectly,33,merge,0.8374026417732239
0.4,206,card_declined_incorrectly,33,merge,0.6752404570579529
0.4,207,card_declined_incorrectly,33,merge,0.8374026417732239
0.4,208,card_declined_incorrectly,28,merge,0.4632865786552429
0.4,209,cannot_cancel_subscription,34,new_case,0.22190535068511963
0.4,210,cannot_cancel_subscription,20,merge,0.5482436418533325
0.4,211,cannot_cancel_subscription,34,merge,0.8375664949417114
0.4,212,cannot_cancel_subscription,26,merge,0.4748983383178711
0.4,213,cannot_cancel_subscription,34,merge,0.8105925917625427
0.4,214,cannot_cancel_subscription,20,merge,0.5482436418533325
0.4,215,cannot_cancel_subscription,34,merge,0.8539010882377625
0.4,216,cannot_cancel_subscription,26,merge,0.4748983383178711
0.4,217,app_crashes_on_open,12,merge,0.6005540490150452
0.4,218,app_crashes_on_open,1,merge,0.5045385360717773
0.4,219,app_crashes_on_open,35,new_case,0.22580045461654663
0.4,220,app_crashes_on_open,36,new_case,0.24439382553100586
0.4,221,app_crashes_on_open,10,merge,0.4601333737373352
0.4,222,app_crashes_on_open,35,merge,0.560483455657959
0.4,223,app_crashes_on_open,36,merge,0.584873616695404
0.4,224,app_crashes_on_open,35,merge,0.8836705684661865
0.4,225,app_crashes_on_open,36,merge,0.8986572027206421
0.4,226,app_crashes_on_open,35,merge,0.6811349987983704
0.4,227,app_crashes_on_open,35,merge,0.5287631154060364
0.4,228,app_crashes_on_open,36,merge,0.591840386390686
0.4,229,app_crashes_on_open,35,merge,0.6445857286453247
0.4,230,app_crashes_on_open,36,merge,0.8986572027206421
0.4,231,app_crashes_on_open,10,merge,0.4601333737373352
0.4,232,app_crashes_on_open,35,merge,0.8018652200698853
0.4,233,app_crashes_on_open,36,merge,0.5538626313209534
0.4,234,app_crashes_on_open,35,merge,0.8152967095375061
0.4,235,app_crashes_on_open,36,merge,0.6177509427070618
0.4,236,app_crashes_on_open,37,new_case,0.39371898770332336
0.4,237,dashboard_extremely_slow,20,merge,0.4411084055900574
0.4,238,dashboard_extremely_slow,38,new_case,0.06065671518445015
0.4,239,dashboard_extremely_slow,39,new_case,0.3247670531272888
0.4,240,dashboard_extremely_slow,40,new_case,0.31594958901405334
0.4,241,dashboard_extremely_slow,39,merge,0.4019010365009308
0.4,242,dashboard_extremely_slow,41,new_case,0.186417356133461
0.4,243,dashboard_extremely_slow,38,merge,0.8911691308021545
0.4,244,dashboard_extremely_slow,39,merge,0.8330440521240234
0.4,245,dashboard_extremely_slow,40,merge,0.92527836561203
0.4,246,dashboard_extremely_slow,42,new_case,0.35006585717201233
0.4,247,dashboard_extremely_slow,41,merge,0.7690481543540955
0.4,248,dashboard_extremely_slow,38,merge,0.9456639885902405
0.4,249,dashboard_extremely_slow,39,merge,0.8330440521240234
0.4,250,dashboard_extremely_slow,40,merge,0.8812727332115173
0.4,251,dashboard_extremely_slow,42,merge,0.8897835612297058
0.4,252,dashboard_extremely_slow,41,merge,0.6643888354301453
0.4,253,dashboard_extremely_slow,38,merge,0.7048720717430115
0.4,254,dashboard_extremely_slow,39,merge,0.9148193597793579
0.4,255,dashboard_extremely_slow,40,merge,0.8935381770133972
0.4,256,dashboard_extremely_slow,42,merge,0.49476003646850586
0.4,257,sync_not_updating,43,new_case,0.39881235361099243
0.4,258,sync_not_updating,44,new_case,0.2622334361076355
0.4,259,sync_not_updating,45,new_case,0.3919818103313446
0.4,260,sync_not_updating,46,new_case,0.25793448090553284
0.4,261,sync_not_updating,45,merge,0.6592055559158325
0.4,262,sync_not_updating,43,merge,0.7999714016914368
0.4,263,sync_not_updating,44,merge,0.8420454263687134
0.4,264,sync_not_updating,45,merge,0.850123941898346
0.4,265,sync_not_updating,46,merge,0.8812278509140015
0.4,266,sync_not_updating,45,merge,0.6033987402915955
0.4,267,sync_not_updating,43,merge,0.7613444924354553
0.4,268,sync_not_updating,44,merge,0.9904791712760925
0.4,269,sync_not_updating,45,merge,0.9734922647476196
0.4,270,sync_not_updating,46,merge,0.9688367247581482
0.4,271,sync_not_updating,43,merge,0.5007967352867126
0.4,272,sync_not_updating,43,merge,0.7041892409324646
0.4,273,sync_not_updating,44,merge,0.9293327331542969
0.4,274,sync_not_updating,45,merge,0.850123941898346
0.4,275,sync_not_updating,46,merge,0.9814943075180054
0.4,276,sync_not_updating,43,merge,0.49315139651298523
0.4,277,sync_not_updating,43,merge,0.7408123016357422
0.4,278,sync_not_updating,44,merge,0.9314790964126587
0.4,279,sync_not_updating,45,merge,0.988669753074646
0.4,280,sync_not_updating,46,merge,0.9814943075180054
0.4,281,sync_not_updating,45,merge,0.6787644028663635
0.4,282,sync_not_updating,43,merge,0.9544146656990051
0.4,283,sync_not_updating,44,merge,0.9904791712760925
0.4,284,sync_not_updating,45,merge,0.8892689943313599
0.4,285,sync_not_updating,46,merge,0.9740539193153381
0.4,286,sync_not_updating,43,merge,0.5863415598869324
0.4,287,sync_not_updating,43,merge,0.6868897676467896
0.4,288,sync_not_updating,44,merge,0.8844702839851379
0.4,289,sync_not_updating,45,merge,0.8981413841247559
0.4,290,sync_not_updating,46,merge,0.9636933207511902
0.4,291,sync_not_updating,45,merge,0.6714483499526978
0.4,292,sync_not_updating,43,merge,0.8641085028648376
0.4,293,sync_not_updating,44,merge,0.9806815981864929
0.4,294,sync_not_updating,45,merge,0.9734922647476196
0.4,295,sync_not_updating,46,merge,0.971152663230896
0.4,296,sync_not_updating,45,merge,0.753572940826416
0.4,297,update_broke_feature,47,new_case,0.20749570429325104
0.4,298,update_broke_feature,45,merge,0.6171757578849792
0.4,299,update_broke_feature,12,merge,0.5881578922271729
0.4,300,update_broke_feature,47,merge,0.4554816782474518
0.4,301,update_broke_feature,47,merge,0.863739013671875
0.4,302,update_broke_feature,47,merge,0.5439689755439758
0.4,303,update_broke_feature,47,merge,0.6887509822845459
0.4,304,update_broke_feature,29,merge,0.4690968692302704
0.4,305,update_broke_feature,47,merge,0.863739013671875
0.4,306,update_broke_feature,47,merge,0.5600915551185608
0.4,307,update_broke_feature,48,new_case,0.27855777740478516
0.4,308,update_broke_feature,29,merge,0.44606825709342957
0.4,309,update_broke_feature,47,merge,0.8805415630340576
0.4,310,update_broke_feature,45,merge,0.6903469562530518
0.4,311,update_broke_feature,48,merge,0.9020666480064392
0.4,312,update_broke_feature,47,merge,0.4554816782474518
0.4,313,connection_drops_frequently,45,merge,0.877422034740448
0.4,314,connection_drops_frequently,34,merge,0.4434081017971039
0.4,315,connection_drops_frequently,49,new_case,0.22721384465694427
0.4,316,connection_drops_frequently,49,merge,0.6253105401992798
0.4,317,connection_drops_frequently,50,new_case,0.31738579273223877
0.4,318,connection_drops_frequently,49,merge,0.7451745867729187
0.4,319,connection_drops_frequently,49,merge,0.6495185494422913
0.4,320,connection_drops_frequently,41,merge,0.6815444231033325
0.4,321,connection_drops_frequently,49,merge,0.7283560633659363
0.4,322,connection_drops_frequently,49,merge,0.6495185494422913
0.4,323,connection_drops_frequently,50,merge,0.8519249558448792
0.4,324,connection_drops_frequently,49,merge,0.8712683916091919
0.4,325,search_returns_nothing,24,merge,0.48070088028907776
0.4,326,search_returns_nothing,51,new_case,0.2559029459953308
0.4,327,search_returns_nothing,52,new_case,0.39909470081329346
0.4,328,search_returns_nothing,51,merge,0.8282710909843445
0.4,329,search_returns_nothing,52,merge,0.7212932109832764
0.4,330,search_returns_nothing,51,merge,0.9163699150085449
0.4,331,search_returns_nothing,52,merge,0.7764257788658142
0.4,332,search_returns_nothing,51,merge,0.8757213950157166
0.4,333,attachments_fail_to_upload,53,new_case,0.2965329587459564
0.4,334,attachments_fail_to_upload,54,new_case,0.3030621409416199
0.4,335,attachments_fail_to_upload,53,merge,0.7602510452270508
0.4,336,attachments_fail_to_upload,54,merge,0.8493461608886719
0.4,337,attachments_fail_to_upload,53,merge,0.7442291378974915
0.4,338,attachments_fail_to_upload,54,merge,0.8814314007759094
0.4,339,attachments_fail_to_upload,53,merge,0.6847071051597595
0.4,340,attachments_fail_to_upload,54,merge,0.8493461608886719
0.4,341,no_response_from_support,55,new_case,0.38309672474861145
0.4,342,no_response_from_support,56,new_case,0.16266967356204987
0.4,343,no_response_from_support,55,merge,0.630348265171051
0.4,344,no_response_from_support,56,merge,0.5423284769058228
0.4,345,no_response_from_support,55,merge,0.5375868082046509
0.4,346,no_response_from_support,55,merge,0.7307983636856079
0.4,347,no_response_from_support,56,merge,0.8472176790237427
0.4,348,no_response_from_support,56,merge,0.6064009666442871
0.4,349,no_response_from_support,57,new_case,0.3881326913833618
0.4,350,no_response_from_support,54,merge,0.5197246670722961
0.4,351,no_response_from_support,55,merge,0.8705965876579285
0.4,352,no_response_from_support,56,merge,0.9378710985183716
0.4,353,no_response_from_support,57,merge,0.711794376373291
0.4,354,no_response_from_support,57,merge,0.8487109541893005
0.4,355,no_response_from_support,54,merge,0.41515275835990906
0.4,356,no_response_from_support,55,merge,0.8349093198776245
0.4,357,no_response_from_support,56,merge,0.9899791479110718
0.4,358,no_response_from_support,55,merge,0.5885616540908813
0.4,359,no_response_from_support,57,merge,0.8713973760604858
0.4,360,no_response_from_support,54,merge,0.41515275835990906
0.4,361,agent_unhelpful,55,merge,0.7601196765899658
0.4,362,agent_unhelpful,57,merge,0.550372838973999
0.4,363,agent_unhelpful,58,new_case,0.2984703481197357
0.4,364,agent_unhelpful,54,merge,0.5134121775627136
0.4,365,agent_unhelpful,58,merge,0.43448397517204285
0.4,366,agent_unhelpful,1,merge,0.5668584108352661
0.4,367,agent_unhelpful,58,merge,0.8892539143562317
0.4,368,agent_unhelpful,1,merge,0.5623893141746521
0.4,369,agent_unhelpful,58,merge,0.465910404920578
0.4,370,agent_unhelpful,59,new_case,0.38746178150177
0.4,371,agent_unhelpful,58,merge,0.9293781518936157
0.4,372,agent_unhelpful,60,new_case,0.260771781206131
0.4,373,agent_unhelpful,59,merge,0.5865225791931152
0.4,374,agent_unhelpful,59,merge,0.9193372130393982
0.4,375,agent_unhelpful,58,merge,0.8765093088150024
0.4,376,agent_unhelpful,60,merge,0.9905840158462524
0.4,377,ticket_reopened_repeatedly,58,merge,0.6369155049324036
0.4,378,ticket_reopened_repeatedly,55,merge,0.6084537506103516
0.4,379,ticket_reopened_repeatedly,61,new_case,0.3398289382457733
0.4,380,ticket_reopened_repeatedly,52,merge,0.6180015802383423
0.4,381,ticket_reopened_repeatedly,57,merge,0.6321783065795898
0.4,382,ticket_reopened_repeatedly,61,merge,0.9173780083656311
0.4,383,ticket_reopened_repeatedly,58,merge,0.6558937430381775
0.4,384,ticket_reopened_repeatedly,62,new_case,0.38202688097953796
0.4,385,ticket_reopened_repeatedly,61,merge,0.7972391247749329
0.4,386,ticket_reopened_repeatedly,58,merge,0.5820077657699585
0.4,387,ticket_reopened_repeatedly,62,merge,0.9606553912162781
0.4,388,ticket_reopened_repeatedly,61,merge,0.8847887516021729
0.4,389,live_chat_unavailable,56,merge,0.6388615369796753
0.4,390,live_chat_unavailable,63,new_case,0.3964132070541382
0.4,391,live_chat_unavailable,56,merge,0.6929855346679688
0.4,392,live_chat_unavailable,63,merge,0.8920736908912659
0.4,393,live_chat_unavailable,56,merge,0.6990317106246948
0.4,394,live_chat_unavailable,63,merge,0.8787944316864014
0.4,395,live_chat_unavailable,56,merge,0.6990317106246948
0.4,396,live_chat_unavailable,63,merge,0.9299021363258362
0.4,397,escalation_ignored,64,new_case,0.34568357467651367
0.4,398,escalation_ignored,34,merge,0.4232344329357147
0.4,399,escalation_ignored,64,merge,0.7170764207839966
0.4,400,escalation_ignored,65,new_case,0.3339853882789612
0.4,401,escalation_ignored,64,merge,0.7475360035896301
0.4,402,escalation_ignored,65,merge,0.9513476490974426
0.4,403,escalation_ignored,64,merge,0.7004322409629822
0.4,404,escalation_ignored,65,merge,0.9902245402336121
0.4,405,export_fails,66,new_case,0.3833351731300354
0.4,406,export_fails,67,new_case,0.35917192697525024
0.4,407,export_fails,67,merge,0.7539055943489075
0.4,408,export_fails,66,merge,0.5191423296928406
0.4,409,export_fails,68,new_case,0.37811312079429626
0.4,410,export_fails,66,merge,0.8125467896461487
0.4,411,export_fails,67,merge,0.9455779790878296
0.4,412,export_fails,67,merge,0.8189588189125061
0.4,413,export_fails,66,merge,0.5734309554100037
0.4,414,export_fails,68,merge,0.8845898509025574
0.4,415,export_fails,66,merge,0.9526308178901672
0.4,416,export_fails,67,merge,0.8687766790390015
0.4,417,export_fails,67,merge,0.7531774044036865
0.4,418,export_fails,66,merge,0.5734309554100037
0.4,419,export_fails,68,merge,0.9823593497276306
0.4,420,export_fails,66,merge,0.932555615901947
0.4,421,export_fails,67,merge,0.819151759147644
0.4,422,export_fails,67,merge,0.7222264409065247
0.4,423,export_fails,66,merge,0.6248233914375305
0.4,424,export_fails,68,merge,0.9755313992500305
0.4,425,api_integration_broken,69,new_case,0.24277366697788239
0.4,426,api_integration_broken,70,new_case,0.30602630972862244
0.4,427,api_integration_broken,43,merge,0.5240417122840881
0.4,428,api_integration_broken,70,merge,0.4404599070549011
0.4,429,api_integration_broken,69,merge,0.9565093517303467
0.4,430,api_integration_broken,70,merge,0.9338339567184448
0.4,431,api_integration_broken,71,new_case,0.3909425735473633
0.4,432,api_integration_broken,70,merge,0.48083019256591797
0.4,433,api_integration_broken,69,merge,0.980187714099884
0.4,434,api_integration_broken,70,merge,0.7744728326797485
0.4,435,api_integration_broken,71,merge,0.9067385196685791
0.4,436,api_integration_broken,70,merge,0.45652517676353455
0.4,437,api_integration_broken,69,merge,0.7908666729927063
0.4,438,api_integration_broken,70,merge,0.6626140475273132
0.4,439,api_integration_broken,71,merge,0.9606264233589172
0.4,440,api_integration_broken,70,merge,0.5080130696296692
0.4,441,permissions_not_saving,12,merge,0.5132108926773071
0.4,442,permissions_not_saving,64,merge,0.490189790725708
0.4,443,permissions_not_saving,72,new_case,0.1722864806652069
0.4,444,permissions_not_saving,73,new_case,0.36851680278778076
0.4,445,permissions_not_saving,72,merge,0.4219432473182678
0.4,446,permissions_not_saving,72,merge,0.7454367280006409
0.4,447,permissions_not_saving,73,merge,0.7046607732772827
0.4,448,permissions_not_saving,74,new_case,0.32395678758621216
0.4,449,permissions_not_saving,72,merge,0.9093888401985168
0.4,450,permissions_not_saving,73,merge,0.7638665437698364
0.4,451,permissions_not_saving,74,merge,0.9907949566841125
0.4,452,permissions_not_saving,72,merge,0.9180963635444641
0.4,453,notifications_not_sent,75,new_case,0.3780874013900757
0.4,454,notifications_not_sent,69,merge,0.41161006689071655
0.4,455,notifications_not_sent,75,merge,0.7310615181922913
0.4,456,notifications_not_sent,69,merge,0.5414938926696777
0.4,457,notifications_not_sent,75,merge,0.9475298523902893
0.4,458,notifications_not_sent,64,merge,0.6201472878456116
0.4,459,notifications_not_sent,75,merge,0.6001967787742615
0.4,460,notifications_not_sent,64,merge,0.6342920660972595
0.4,461,notifications_not_sent,75,merge,0.969270646572113
0.4,462,notifications_not_sent,76,new_case,0.36944663524627686
0.4,463,notifications_not_sent,75,merge,0.765322744846344
0.4,464,notifications_not_sent,76,merge,0.7315781116485596
0.4,465,notifications_not_sent,75,merge,0.6942884922027588
0.4,466,notifications_not_sent,76,merge,0.846947193145752
0.4,467,notifications_not_sent,54,merge,0.5772356390953064
0.4,468,notifications_not_sent,76,merge,0.7244873642921448
0.4,469,analytics_data_wrong,77,new_case,0.2653355002403259
0.4,470,analytics_data_wrong,77,merge,0.7689411640167236
0.4,471,analytics_data_wrong,77,merge,0.4700529873371124
0.4,472,analytics_data_wrong,77,merge,0.8613050580024719
0.4,473,analytics_data_wrong,77,merge,0.5290632843971252
0.4,474,analytics_data_wrong,77,merge,0.5819705128669739
0.4,475,analytics_data_wrong,77,merge,0.9821098446846008
0.4,476,analytics_data_wrong,77,merge,0.6221457123756409
0.4,477,analytics_data_wrong,77,merge,0.5819705128669739
0.4,478,analytics_data_wrong,77,merge,0.8989067077636719
0.4,479,analytics_data_wrong,32,merge,0.5693941712379456
0.4,480,analytics_data_wrong,77,merge,0.5419743657112122
0.4,481,cant_bulk_edit,78,new_case,0.376916766166687
0.4,482,cant_bulk_edit,75,merge,0.4856206476688385
0.4,483,cant_bulk_edit,78,merge,0.9562982320785522
0.4,484,cant_bulk_edit,78,merge,0.5316983461380005
0.4,485,cant_bulk_edit,78,merge,0.8565986156463623
0.4,486,cant_bulk_edit,78,merge,0.6161395311355591
0.4,487,cant_bulk_edit,78,merge,0.9281708002090454
0.4,488,cant_bulk_edit,78,merge,0.6519091725349426
0.5,1,login_otp_not_received,0,new_case,
0.5,2,login_otp_not_received,1,new_case,0.2667055130004883
0.5,3,login_otp_not_received,2,new_case,0.42486777901649475
0.5,4,login_otp_not_received,3,new_case,0.4465062618255615
0.5,5,login_otp_not_received,3,merge,0.5919799208641052
0.5,6,login_otp_not_received,1,merge,0.5580952763557434
0.5,7,login_otp_not_received,0,merge,0.8217591643333435
0.5,8,login_otp_not_received,1,merge,0.7698342204093933
0.5,9,login_otp_not_received,2,merge,0.8578571081161499
0.5,10,login_otp_not_received,3,merge,0.9136337637901306
0.5,11,login_otp_not_received,1,merge,0.6965824961662292
0.5,12,login_otp_not_received,4,new_case,0.34253203868865967
0.5,13,login_otp_not_received,1,merge,0.7217614650726318
0.5,14,login_otp_not_received,1,merge,0.9360334277153015
0.5,15,login_otp_not_received,2,merge,0.8968369960784912
0.5,16,login_otp_not_received,1,merge,0.7713242769241333
0.5,17,login_otp_not_received,1,merge,0.6252322793006897
0.5,18,login_otp_not_received,4,merge,0.9679205417633057
0.5,19,login_otp_not_received,0,merge,0.8691017031669617
0.5,20,login_otp_not_received,1,merge,0.7698342204093933
0.5,21,login_otp_not_received,2,merge,0.8786202073097229
0.5,22,login_otp_not_received,3,merge,0.8118219971656799
0.5,23,login_otp_not_received,1,merge,0.7420187592506409
0.5,24,login_otp_not_received,4,merge,0.8660158514976501
0.5,25,password_reset_broken,5,new_case,0.31739649176597595
0.5,26,password_reset_broken,5,merge,0.5533178448677063
0.5,27,password_reset_broken,5,merge,0.6305000185966492
0.5,28,password_reset_broken,6,new_case,0.42319726943969727
0.5,29,password_reset_broken,5,merge,0.7445335984230042
0.5,30,password_reset_broken,5,merge,0.9563254117965698
0.5,31,password_reset_broken,5,merge,0.703445315361023
0.5,32,password_reset_broken,6,merge,0.8664308786392212
0.5,33,password_reset_broken,6,merge,0.7832952737808228
0.5,34,password_reset_broken,5,merge,0.6306602358818054
0.5,35,password_reset_broken,5,merge,0.9907218217849731
0.5,36,password_reset_broken,1,merge,0.6159050464630127
0.5,37,password_reset_broken,5,merge,0.7520917057991028
0.5,38,password_reset_broken,6,merge,0.7832952737808228
0.5,39,password_reset_broken,5,merge,0.5965078473091125
0.5,40,password_reset_broken,5,merge,0.963538646697998
0.5,41,password_reset_broken,6,merge,0.5189856290817261
0.5,42,password_reset_broken,1,merge,0.6238049268722534
0.5,43,password_reset_broken,6,merge,0.9702127575874329
0.5,44,password_reset_broken,5,merge,0.5955207943916321
0.5,45,session_logs_out_randomly,7,new_case,0.22712358832359314
0.5,46,session_logs_out_randomly,8,new_case,0.299533873796463
0.5,47,session_logs_out_randomly,9,new_case,0.2684297561645508
0.5,48,session_logs_out_randomly,6,merge,0.5568546652793884
0.5,49,session_logs_out_randomly,10,new_case,0.44611048698425293
0.5,50,session_logs_out_randomly,7,merge,0.933376133441925
0.5,51,session_logs_out_randomly,8,merge,0.7896391749382019
0.5,52,session_logs_out_randomly,9,merge,0.7803875803947449
0.5,53,session_logs_out_randomly,11,new_case,0.48369118571281433
0.5,54,session_logs_out_randomly,10,merge,0.8889215588569641
0.5,55,session_logs_out_randomly,7,merge,0.7798811793327332
0.5,56,session_logs_out_randomly,8,merge,0.8111405372619629
0.5,57,session_logs_out_randomly,9,merge,0.9909282326698303
0.5,58,session_logs_out_randomly,11,merge,0.8348519802093506
0.5,59,session_logs_out_randomly,10,merge,0.8137202858924866
0.5,60,session_logs_out_randomly,7,merge,0.9401625394821167
0.5,61,session_logs_out_randomly,8,merge,0.884676992893219
0.5,62,session_logs_out_randomly,9,merge,0.8851831555366516
0.5,63,session_logs_out_randomly,11,merge,0.8857043981552124
0.5,64,session_logs_out_randomly,10,merge,0.9400532841682434
0.5,65,sso_login_fails,6,merge,0.6023222208023071
0.5,66,sso_login_fails,12,new_case,0.2839038074016571
0.5,67,sso_login_fails,13,new_case,0.4238780736923218
0.5,68,sso_login_fails,14,new_case,0.45971524715423584
0.5,69,sso_login_fails,13,merge,0.6352653503417969
0.5,70,sso_login_fails,12,merge,0.9778639674186707
0.5,71,sso_login_fails,13,merge,0.9777021408081055
0.5,72,sso_login_fails,14,merge,0.7560910582542419
0.5,73,sso_login_fails,13,merge,0.6550468802452087
0.5,74,sso_login_fails,12,merge,0.9761760830879211
0.5,75,sso_login_fails,13,merge,0.9016421437263489
0.5,76,sso_login_fails,14,merge,0.763627290725708
0.5,77,sso_login_fails,6,merge,0.5952392816543579
0.5,78,sso_login_fails,12,merge,0.9907960891723633
0.5,79,sso_login_fails,13,merge,0.9777021408081055
0.5,80,sso_login_fails,14,merge,0.7893831133842468
0.5,81,account_locked_incorrectly,15,new_case,0.3933478891849518
0.5,82,account_locked_incorrectly,15,merge,0.6011675596237183
0.5,83,account_locked_incorrectly,1,merge,0.6629511117935181
0.5,84,account_locked_incorrectly,16,new_case,0.37883415818214417
0.5,85,account_locked_incorrectly,15,merge,0.9152959585189819
0.5,86,account_locked_incorrectly,15,merge,0.5240006446838379
0.5,87,account_locked_incorrectly,15,merge,0.5707516074180603
0.5,88,account_locked_incorrectly,16,merge,0.8563872575759888
0.5,89,account_locked_incorrectly,15,merge,0.8582188487052917
0.5,90,account_locked_incorrectly,6,merge,0.7553666234016418
0.5,91,account_locked_incorrectly,3,merge,0.6142809987068176
0.5,92,account_locked_incorrectly,16,merge,0.8881054520606995
0.5,93,account_locked_incorrectly,15,merge,0.8758970499038696
0.5,94,account_locked_incorrectly,15,merge,0.566215991973877
0.5,95,account_locked_incorrectly,6,merge,0.5986959338188171
0.5,96,account_locked_incorrectly,16,merge,0.7606393694877625
0.5,97,mfa_setup_fails,1,merge,0.6806743741035461
0.5,98,mfa_setup_fails,17,new_case,0.23427128791809082
0.5,99,mfa_setup_fails,18,new_case,0.3400687277317047
0.5,100,mfa_setup_fails,3,merge,0.5803845524787903
0.5,101,mfa_setup_fails,17,merge,0.8580214381217957
0.5,102,mfa_setup_fails,18,merge,0.8468037247657776
0.5,103,mfa_setup_fails,3,merge,0.5916562080383301
0.5,104,mfa_setup_fails,17,merge,0.8782581686973572
0.5,105,mfa_setup_fails,18,merge,0.7894876003265381
0.5,106,mfa_setup_fails,3,merge,0.5196383595466614
0.5,107,mfa_setup_fails,17,merge,0.8047574162483215
0.5,108,mfa_setup_fails,18,merge,0.7546298503875732
0.5,109,cant_change_email,6,merge,0.5706290602684021
0.5,110,cant_change_email,14,merge,0.6783766746520996
0.5,111,cant_change_email,19,new_case,0.3431311845779419
0.5,112,cant_change_email,13,merge,0.5133922100067139
0.5,113,cant_change_email,19,merge,0.7002943158149719
0.5,114,cant_change_email,5,merge,0.5017330050468445
0.5,115,cant_change_email,19,merge,0.958928108215332
0.5,116,cant_change_email,20,new_case,0.4502231478691101
0.5,117,double_charged,6,merge,0.5017946362495422
0.5,118,double_charged,21,new_case,0.16105018556118011
0.5,119,double_charged,22,new_case,0.3984016180038452
0.5,120,double_charged,23,new_case,0.2707626223564148
0.5,121,double_charged,24,new_case,0.4213709831237793
0.5,122,double_charged,24,merge,0.8762916922569275
0.5,123,double_charged,21,merge,0.8062991499900818
0.5,124,double_charged,22,merge,0.7529894113540649
0.5,125,double_charged,23,merge,0.9517946839332581
0.5,126,double_charged,24,merge,0.7969077229499817
0.5,127,double_charged,24,merge,0.8888521790504456
0.5,128,double_charged,21,merge,0.8062991499900818
0.5,129,double_charged,24,merge,0.7378405928611755
0.5,130,double_charged,22,merge,0.631631076335907
0.5,131,double_charged,24,merge,0.8039225935935974
0.5,132,double_charged,24,merge,0.8888521790504456
0.5,133,double_charged,21,merge,0.8146034479141235
0.5,134,double_charged,22,merge,0.7488172054290771
0.5,135,double_charged,23,merge,0.7378313541412354
0.5,136,double_charged,24,merge,0.7790039777755737
0.5,137,refund_not_processed,25,new_case,0.39515700936317444
0.5,138,refund_not_processed,26,new_case,0.3876018524169922
0.5,139,refund_not_processed,27,new_case,0.47669175267219543
0.5,140,refund_not_processed,25,merge,0.6284149289131165
0.5,141,refund_not_processed,25,merge,0.6472089886665344
0.5,142,refund_not_processed,25,merge,0.8055320978164673
0.5,143,refund_not_processed,26,merge,0.8146770596504211
0.5,144,refund_not_processed,27,merge,0.7656302452087402
0.5,145,refund_not_processed,28,new_case,0.4972936511039734
0.5,146,refund_not_processed,26,merge,0.5756776928901672
0.5,147,refund_not_processed,25,merge,0.8647406697273254
0.5,148,refund_not_processed,26,merge,0.8146770596504211
0.5,149,refund_not_processed,27,merge,0.8095205426216125
0.5,150,refund_not_processed,28,merge,0.8653780817985535
0.5,151,refund_not_processed,28,merge,0.6722899675369263
0.5,152,refund_not_processed,25,merge,0.7620565891265869
0.5,153,refund_not_processed,26,merge,0.885567307472229
0.5,154,refund_not_processed,27,merge,0.8399049639701843
0.5,155,refund_not_processed,28,merge,0.9562543034553528
0.5,156,refund_not_processed,29,new_case,0.4151104986667633
0.5,157,invoice_missing_details,30,new_case,0.288843035697937
0.5,158,invoice_missing_details,31,new_case,0.3993399143218994
0.5,159,invoice_missing_details,31,merge,0.6007558703422546
0.5,160,invoice_missing_details,32,new_case,0.4878813326358795
0.5,161,invoice_missing_details,30,merge,0.7609837651252747
0.5,162,invoice_missing_details,31,merge,0.7175164222717285
0.5,163,invoice_missing_details,33,new_case,0.2623867690563202
0.5,164,invoice_missing_details,32,merge,0.9206868410110474
0.5,165,invoice_missing_details,30,merge,0.8756492733955383
0.5,166,invoice_missing_details,31,merge,0.834182620048523
0.5,167,invoice_missing_details,33,merge,0.8125043511390686
0.5,168,invoice_missing_details,32,merge,0.7425302267074585
0.5,169,invoice_missing_details,30,merge,0.8239709734916687
0.5,170,invoice_missing_details,31,merge,0.6866950988769531
0.5,171,invoice_missing_details,33,merge,0.8675277233123779
0.5,172,invoice_missing_details,32,merge,0.9678207039833069
0.5,173,subscription_upgrade_failed,34,new_case,0.21523623168468475
0.5,174,subscription_upgrade_failed,35,new_case,0.3943772315979004
0.5,175,subscription_upgrade_failed,31,merge,0.5820974707603455
0.5,176,subscription_upgrade_failed,12,merge,0.692240834236145
0.5,177,subscription_upgrade_failed,34,merge,0.9651221036911011
0.5,178,subscription_upgrade_failed,6,merge,0.7037718296051025
0.5,179,subscription_upgrade_failed,34,merge,0.6195919513702393
0.5,180,subscription_upgrade_failed,12,merge,0.703292191028595
0.5,181,subscription_upgrade_failed,34,merge,0.9024829864501953
0.5,182,subscription_upgrade_failed,35,merge,0.8248224258422852
0.5,183,subscription_upgrade_failed,36,new_case,0.43471190333366394
0.5,184,subscription_upgrade_failed,12,merge,0.7204743027687073
0.5,185,subscription_upgrade_failed,34,merge,0.7909665107727051
0.5,186,subscription_upgrade_failed,35,merge,0.7267614603042603
0.5,187,subscription_upgrade_failed,36,merge,0.8084708452224731
0.5,188,subscription_upgrade_failed,12,merge,0.6775462627410889
0.5,189,wallet_balance_incorrect,31,merge,0.6056631803512573
0.5,190,wallet_balance_incorrect,22,merge,0.5096321702003479
0.5,191,wallet_balance_incorrect,37,new_case,0.38247910141944885
0.5,192,wallet_balance_incorrect,6,merge,0.7261796593666077
0.5,193,wallet_balance_incorrect,38,new_case,0.4967651069164276
0.5,194,wallet_balance_incorrect,37,merge,0.8915628790855408
0.5,195,wallet_balance_incorrect,22,merge,0.7422468066215515
0.5,196,wallet_balance_incorrect,38,merge,0.7602176666259766
0.5,197,wallet_balance_incorrect,37,merge,0.8822521567344666
0.5,198,wallet_balance_incorrect,39,new_case,0.26239249110221863
0.5,199,wallet_balance_incorrect,38,merge,0.7937771677970886
0.5,200,wallet_balance_incorrect,37,merge,0.8627697229385376
0.5,201,card_declined_incorrectly,39,merge,0.6033649444580078
0.5,202,card_declined_incorrectly,38,merge,0.5842117667198181
0.5,203,card_declined_incorrectly,40,new_case,0.33881402015686035
0.5,204,card_declined_incorrectly,34,merge,0.686173141002655
0.5,205,card_declined_incorrectly,40,merge,0.8374026417732239
0.5,206,card_declined_incorrectly,40,merge,0.6752404570579529
0.5,207,card_declined_incorrectly,40,merge,0.8374026417732239
0.5,208,card_declined_incorrectly,41,new_case,0.4632865786552429
0.5,209,cannot_cancel_subscription,42,new_case,0.22190530598163605
0.5,210,cannot_cancel_subscription,22,merge,0.5482436418533325
0.5,211,cannot_cancel_subscription,42,merge,0.8375664949417114
0.5,212,cannot_cancel_subscription,43,new_case,0.4507052004337311
0.5,213,cannot_cancel_subscription,42,merge,0.8105925917625427
0.5,214,cannot_cancel_subscription,43,merge,0.6827059984207153
0.5,215,cannot_cancel_subscription,42,merge,0.8539010882377625
0.5,216,cannot_cancel_subscription,43,merge,0.9911649823188782
0.5,217,app_crashes_on_open,14,merge,0.6005540490150452
0.5,218,app_crashes_on_open,1,merge,0.5045385360717773
0.5,219,app_crashes_on_open,44,new_case,0.13096129894256592
0.5,220,app_crashes_on_open,45,new_case,0.24439382553100586
0.5,221,app_crashes_on_open,46,new_case,0.3773098289966583
0.5,222,app_crashes_on_open,44,merge,0.5604832172393799
0.5,223,app_crashes_on_open,45,merge,0.584873616695404
0.5,224,app_crashes_on_open,44,merge,0.8836705684661865
0.5,225,app_crashes_on_open,45,merge,0.8986572027206421
0.5,226,app_crashes_on_open,46,merge,0.9198033213615417
0.5,227,app_crashes_on_open,44,merge,0.5287631750106812
0.5,228,app_crashes_on_open,45,merge,0.591840386390686
0.5,229,app_crashes_on_open,44,merge,0.6445857286453247
0.5,230,app_crashes_on_open,45,merge,0.8986572027206421
0.5,231,app_crashes_on_open,46,merge,0.9912010431289673
0.5,232,app_crashes_on_open,44,merge,0.8018650412559509
0.5,233,app_crashes_on_open,45,merge,0.5538626313209534
0.5,234,app_crashes_on_open,44,merge,0.8152967691421509
0.5,235,app_crashes_on_open,45,merge,0.6177509427070618
0.5,236,app_crashes_on_open,46,merge,0.8628438115119934
0.5,237,dashboard_extremely_slow,47,new_case,0.4411084055900574
0.5,238,dashboard_extremely_slow,48,new_case,0.15625983476638794
0.5,239,dashboard_extremely_slow,49,new_case,0.3247670531272888
0.5,240,dashboard_extremely_slow,50,new_case,0.3203922510147095
0.5,241,dashboard_extremely_slow,51,new_case,0.40190085768699646
0.5,242,dashboard_extremely_slow,47,merge,0.9904582500457764
0.5,243,dashboard_extremely_slow,48,merge,0.8911691308021545
0.5,244,dashboard_extremely_slow,49,merge,0.8330440521240234
0.5,245,dashboard_extremely_slow,50,merge,0.92527836561203
0.5,246,dashboard_extremely_slow,51,merge,0.9028480052947998
0.5,247,dashboard_extremely_slow,47,merge,0.7690481543540955
0.5,248,dashboard_extremely_slow,48,merge,0.9456639885902405
0.5,249,dashboard_extremely_slow,49,merge,0.8330440521240234
0.5,250,dashboard_extremely_slow,50,merge,0.8812727332115173
0.5,251,dashboard_extremely_slow,51,merge,0.8934218287467957
0.5,252,dashboard_extremely_slow,47,merge,0.6643888354301453
0.5,253,dashboard_extremely_slow,48,merge,0.7048720717430115
0.5,254,dashboard_extremely_slow,49,merge,0.9148193597793579
0.5,255,dashboard_extremely_slow,50,merge,0.8935381770133972
0.5,256,dashboard_extremely_slow,51,merge,0.6637433767318726
0.5,257,sync_not_updating,52,new_case,0.4177277386188507
0.5,258,sync_not_updating,53,new_case,0.28983786702156067
0.5,259,sync_not_updating,46,merge,0.5508894324302673
0.5,260,sync_not_updating,54,new_case,0.25793448090553284
0.5,261,sync_not_updating,52,merge,0.5614963173866272
0.5,262,sync_not_updating,52,merge,0.7999714016914368
0.5,263,sync_not_updating,53,merge,0.8420454263687134
0.5,264,sync_not_updating,55,new_case,0.2787761390209198
0.5,265,sync_not_updating,54,merge,0.8812278509140015
0.5,266,sync_not_updating,52,merge,0.5398963093757629
0.5,267,sync_not_updating,52,merge,0.7613444924354553
0.5,268,sync_not_updating,53,merge,0.9904791712760925
0.5,269,sync_not_updating,55,merge,0.9315127730369568
0.5,270,sync_not_updating,54,merge,0.9688367247581482
0.5,271,sync_not_updating,52,merge,0.5007967352867126
0.5,272,sync_not_updating,52,merge,0.7041892409324646
0.5,273,sync_not_updating,53,merge,0.9293327331542969
0.5,274,sync_not_updating,55,merge,0.9906768798828125
0.5,275,sync_not_updating,54,merge,0.9814943075180054
0.5,276,sync_not_updating,56,new_case,0.49315139651298523
0.5,277,sync_not_updating,56,merge,0.8411983251571655
0.5,278,sync_not_updating,53,merge,0.9314790964126587
0.5,279,sync_not_updating,55,merge,0.8167199492454529
0.5,280,sync_not_updating,54,merge,0.9814943075180054
0.5,281,sync_not_updating,56,merge,0.9630314707756042
0.5,282,sync_not_updating,52,merge,0.9544146656990051
0.5,283,sync_not_updating,53,merge,0.9904791712760925
0.5,284,sync_not_updating,55,merge,0.874656081199646
0.5,285,sync_not_updating,54,merge,0.9740539193153381
0.5,286,sync_not_updating,56,merge,0.8461688160896301
0.5,287,sync_not_updating,56,merge,0.8981946110725403
0.5,288,sync_not_updating,53,merge,0.8844702839851379
0.5,289,sync_not_updating,55,merge,0.8328118324279785
0.5,290,sync_not_updating,54,merge,0.9636933207511902
0.5,291,sync_not_updating,56,merge,0.8493512868881226
0.5,292,sync_not_updating,52,merge,0.8641085028648376
0.5,293,sync_not_updating,53,merge,0.9806815981864929
0.5,294,sync_not_updating,55,merge,0.9315127730369568
0.5,295,sync_not_updating,54,merge,0.971152663230896
0.5,296,sync_not_updating,56,merge,0.8320239186286926
0.5,297,update_broke_feature,57,new_case,0.20749570429325104
0.5,298,update_broke_feature,58,new_case,0.40947940945625305
0.5,299,update_broke_feature,57,merge,0.5756634473800659
0.5,300,update_broke_feature,59,new_case,0.45548108220100403
0.5,301,update_broke_feature,57,merge,0.8637390732765198
0.5,302,update_broke_feature,58,merge,0.7863044738769531
0.5,303,update_broke_feature,57,merge,0.6887509822845459
0.5,304,update_broke_feature,59,merge,0.9873518943786621
0.5,305,update_broke_feature,57,merge,0.8637390732765198
0.5,306,update_broke_feature,58,merge,0.9218286871910095
0.5,307,update_broke_feature,60,new_case,0.4597761332988739
0.5,308,update_broke_feature,59,merge,0.9697975516319275
0.5,309,update_broke_feature,57,merge,0.8805415034294128
0.5,310,update_broke_feature,58,merge,0.913915753364563
0.5,311,update_broke_feature,60,merge,0.9020665287971497
0.5,312,update_broke_feature,59,merge,0.9907983541488647
0.5,313,connection_drops_frequently,58,merge,0.5882999897003174
0.5,314,connection_drops_frequently,61,new_case,0.44363316893577576
0.5,315,connection_drops_frequently,62,new_case,0.2436899095773697
0.5,316,connection_drops_frequently,62,merge,0.625310480594635
0.5,317,connection_drops_frequently,61,merge,0.8744969964027405
0.5,318,connection_drops_frequently,62,merge,0.7451745867729187
0.5,319,connection_drops_frequently,62,merge,0.6495185494422913
0.5,320,connection_drops_frequently,47,merge,0.6815444231033325
0.5,321,connection_drops_frequently,62,merge,0.7283560633659363
0.5,322,connection_drops_frequently,62,merge,0.6495185494422913
0.5,323,connection_drops_frequently,61,merge,0.8945579528808594
0.5,324,connection_drops_frequently,62,merge,0.8712683320045471
0.5,325,search_returns_nothing,28,merge,0.5295127630233765
0.5,326,search_returns_nothing,63,new_case,0.24361203610897064
0.5,327,search_returns_nothing,64,new_case,0.3439646363258362
0.5,328,search_returns_nothing,63,merge,0.8282710909843445
0.5,329,search_returns_nothing,64,merge,0.7212932109832764
0.5,330,search_returns_nothing,63,merge,0.9163699150085449
0.5,331,search_returns_nothing,64,merge,0.7764257788658142
0.5,332,search_returns_nothing,63,merge,0.8757213950157166
0.5,333,attachments_fail_to_upload,65,new_case,0.36729931831359863
0.5,334,attachments_fail_to_upload,6,merge,0.5004696249961853
0.5,335,attachments_fail_to_upload,65,merge,0.7602510452270508
0.5,336,attachments_fail_to_upload,66,new_case,0.12515981495380402
0.5,337,attachments_fail_to_upload,65,merge,0.7442291378974915
0.5,338,attachments_fail_to_upload,66,merge,0.9784788489341736
0.5,339,attachments_fail_to_upload,65,merge,0.6847071051597595
0.5,340,attachments_fail_to_upload,66,merge,0.9910435676574707
0.5,341,no_response_from_support,67,new_case,0.38309672474861145
0.5,342,no_response_from_support,68,new_case,0.29413512349128723
0.5,343,no_response_from_support,67,merge,0.630348265171051
0.5,344,no_response_from_support,68,merge,0.5423284769058228
0.5,345,no_response_from_support,67,merge,0.5375868082046509
0.5,346,no_response_from_support,67,merge,0.7307983636856079
0.5,347,no_response_from_support,68,merge,0.8472176790237427
0.5,348,no_response_from_support,68,merge,0.6064009666442871
0.5,349,no_response_from_support,69,new_case,0.35793715715408325
0.5,350,no_response_from_support,28,merge,0.5272907614707947
0.5,351,no_response_from_support,67,merge,0.8705965876579285
0.5,352,no_response_from_support,68,merge,0.9378710985183716
0.5,353,no_response_from_support,69,merge,0.711794376373291
0.5,354,no_response_from_support,69,merge,0.8487109541893005
0.5,355,no_response_from_support,70,new_case,0.4248383939266205
0.5,356,no_response_from_support,67,merge,0.8349093198776245
0.5,357,no_response_from_support,68,merge,0.9899791479110718
0.5,358,no_response_from_support,67,merge,0.5885616540908813
0.5,359,no_response_from_support,69,merge,0.8713973760604858
0.5,360,no_response_from_support,70,merge,0.9908118844032288
0.5,361,agent_unhelpful,67,merge,0.7601196765899658
0.5,362,agent_unhelpful,69,merge,0.550372838973999
0.5,363,agent_unhelpful,71,new_case,0.19192063808441162
0.5,364,agent_unhelpful,72,new_case,0.4625261425971985
0.5,365,agent_unhelpful,73,new_case,0.43448397517204285
0.5,366,agent_unhelpful,74,new_case,0.46891456842422485
0.5,367,agent_unhelpful,71,merge,0.8892539143562317
0.5,368,agent_unhelpful,72,merge,0.6997918486595154
0.5,369,agent_unhelpful,73,merge,0.9499279856681824
0.5,370,agent_unhelpful,74,merge,0.79413241147995
0.5,371,agent_unhelpful,71,merge,0.9293781518936157
0.5,372,agent_unhelpful,72,merge,0.9230188131332397
0.5,373,agent_unhelpful,73,merge,0.8947231769561768
0.5,374,agent_unhelpful,74,merge,0.7895098924636841
0.5,375,agent_unhelpful,71,merge,0.8765093088150024
0.5,376,agent_unhelpful,72,merge,0.9230188131332397
0.5,377,ticket_reopened_repeatedly,71,merge,0.6369155049324036
0.5,378,ticket_reopened_repeatedly,67,merge,0.6084537506103516
0.5,379,ticket_reopened_repeatedly,75,new_case,0.3398289382457733
0.5,380,ticket_reopened_repeatedly,64,merge,0.6180015802383423
0.5,381,ticket_reopened_repeatedly,69,merge,0.6321783065795898
0.5,382,ticket_reopened_repeatedly,75,merge,0.9173780083656311
0.5,383,ticket_reopened_repeatedly,71,merge,0.6558936834335327
0.5,384,ticket_reopened_repeatedly,76,new_case,0.4571458399295807
0.5,385,ticket_reopened_repeatedly,75,merge,0.7972391247749329
0.5,386,ticket_reopened_repeatedly,71,merge,0.5820075869560242
0.5,387,ticket_reopened_repeatedly,76,merge,0.9606553912162781
0.5,388,ticket_reopened_repeatedly,75,merge,0.8847887516021729
0.5,389,live_chat_unavailable,68,merge,0.6388615369796753
0.5,390,live_chat_unavailable,77,new_case,0.35889559984207153
0.5,391,live_chat_unavailable,68,merge,0.6929855346679688
0.5,392,live_chat_unavailable,77,merge,0.8920736908912659
0.5,393,live_chat_unavailable,68,merge,0.6990317106246948
0.5,394,live_chat_unavailable,77,merge,0.8787943720817566
0.5,395,live_chat_unavailable,68,merge,0.6990317106246948
0.5,396,live_chat_unavailable,77,merge,0.9299021363258362
0.5,397,escalation_ignored,74,merge,0.5623435974121094
0.5,398,escalation_ignored,78,new_case,0.4232344329357147
0.5,399,escalation_ignored,78,merge,0.6119842529296875
0.5,400,escalation_ignored,78,merge,0.8855734467506409
0.5,401,escalation_ignored,79,new_case,0.2953132390975952
0.5,402,escalation_ignored,78,merge,0.870826244354248
0.5,403,escalation_ignored,79,merge,0.8609626293182373
0.5,404,escalation_ignored,78,merge,0.8953091502189636
0.5,405,export_fails,80,new_case,0.24341271817684174
0.5,406,export_fails,81,new_case,0.27670902013778687
0.5,407,export_fails,81,merge,0.7539055943489075
0.5,408,export_fails,80,merge,0.5191423296928406
0.5,409,export_fails,82,new_case,0.3781129717826843
0.5,410,export_fails,80,merge,0.8125468492507935
0.5,411,export_fails,81,merge,0.9455779790878296
0.5,412,export_fails,81,merge,0.8189588189125061
0.5,413,export_fails,80,merge,0.5734309554100037
0.5,414,export_fails,82,merge,0.8845898509025574
0.5,415,export_fails,80,merge,0.9526308178901672
0.5,416,export_fails,81,merge,0.8687766790390015
0.5,417,export_fails,81,merge,0.7531774044036865
0.5,418,export_fails,80,merge,0.5734309554100037
0.5,419,export_fails,82,merge,0.9823593497276306
0.5,420,export_fails,80,merge,0.932555615901947
0.5,421,export_fails,81,merge,0.819151759147644
0.5,422,export_fails,81,merge,0.7222264409065247
0.5,423,export_fails,80,merge,0.6248233914375305
0.5,424,export_fails,82,merge,0.9755313992500305
0.5,425,api_integration_broken,58,merge,0.7225479483604431
0.5,426,api_integration_broken,83,new_case,0.30602630972862244
0.5,427,api_integration_broken,52,merge,0.5240417122840881
0.5,428,api_integration_broken,84,new_case,0.4404599070549011
0.5,429,api_integration_broken,58,merge,0.7951052188873291
0.5,430,api_integration_broken,83,merge,0.9338339567184448
0.5,431,api_integration_broken,85,new_case,0.2253982275724411
0.5,432,api_integration_broken,84,merge,0.882882297039032
0.5,433,api_integration_broken,58,merge,0.7173311710357666
0.5,434,api_integration_broken,83,merge,0.7744728922843933
0.5,435,api_integration_broken,85,merge,0.9067385196685791
0.5,436,api_integration_broken,84,merge,0.9894367456436157
0.5,437,api_integration_broken,58,merge,0.587793231010437
0.5,438,api_integration_broken,83,merge,0.6626140475273132
0.5,439,api_integration_broken,85,merge,0.9606264233589172
0.5,440,api_integration_broken,84,merge,0.8946213722229004
0.5,441,permissions_not_saving,14,merge,0.5132108330726624
0.5,442,permissions_not_saving,86,new_case,0.4074385166168213
0.5,443,permissions_not_saving,87,new_case,0.31338924169540405
0.5,444,permissions_not_saving,86,merge,0.5917732119560242
0.5,445,permissions_not_saving,86,merge,0.7935203909873962
0.5,446,permissions_not_saving,87,merge,0.7454367280006409
0.5,447,permissions_not_saving,88,new_case,0.45625004172325134
0.5,448,permissions_not_saving,86,merge,0.7386701107025146
0.5,449,permissions_not_saving,87,merge,0.9093888401985168
0.5,450,permissions_not_saving,88,merge,0.8432113528251648
0.5,451,permissions_not_saving,86,merge,0.7386701107025146
0.5,452,permissions_not_saving,87,merge,0.9180963635444641
0.5,453,notifications_not_sent,89,new_case,0.3780874013900757
0.5,454,notifications_not_sent,90,new_case,0.4852088987827301
0.5,455,notifications_not_sent,89,merge,0.7310615181922913
0.5,456,notifications_not_sent,90,merge,0.7154184579849243
0.5,457,notifications_not_sent,89,merge,0.9475298523902893
0.5,458,notifications_not_sent,90,merge,0.6567171216011047
0.5,459,notifications_not_sent,89,merge,0.6001967787742615
0.5,460,notifications_not_sent,90,merge,0.5525776147842407
0.5,461,notifications_not_sent,89,merge,0.969270646572113
0.5,462,notifications_not_sent,90,merge,0.821372926235199
0.5,463,notifications_not_sent,89,merge,0.765322744846344
0.5,464,notifications_not_sent,90,merge,0.6089093685150146
0.5,465,notifications_not_sent,89,merge,0.6942884922027588
0.5,466,notifications_not_sent,90,merge,0.8653591275215149
0.5,467,notifications_not_sent,90,merge,0.6308022737503052
0.5,468,notifications_not_sent,90,merge,0.7993506789207458
0.5,469,analytics_data_wrong,91,new_case,0.276581734418869
0.5,470,analytics_data_wrong,91,merge,0.7689411640167236
0.5,471,analytics_data_wrong,92,new_case,0.4700529873371124
0.5,472,analytics_data_wrong,91,merge,0.8613050580024719
0.5,473,analytics_data_wrong,91,merge,0.5290632843971252
0.5,474,analytics_data_wrong,92,merge,0.8513058423995972
0.5,475,analytics_data_wrong,91,merge,0.9821098446846008
0.5,476,analytics_data_wrong,91,merge,0.6221457123756409
0.5,477,analytics_data_wrong,92,merge,0.8513058423995972
0.5,478,analytics_data_wrong,91,merge,0.8989067673683167
0.5,479,analytics_data_wrong,39,merge,0.5693941712379456
0.5,480,analytics_data_wrong,92,merge,0.9661315083503723
0.5,481,cant_bulk_edit,93,new_case,0.376916766166687
0.5,482,cant_bulk_edit,94,new_case,0.4856206476688385
0.5,483,cant_bulk_edit,93,merge,0.9562982320785522
0.5,484,cant_bulk_edit,94,merge,0.9529818296432495
0.5,485,cant_bulk_edit,93,merge,0.8565986156463623
0.5,486,cant_bulk_edit,94,merge,0.87882399559021
0.5,487,cant_bulk_edit,93,merge,0.9281708002090454
0.5,488,cant_bulk_edit,94,merge,0.9199985265731812
0.5858,1,login_otp_not_received,0,new_case,
0.5858,2,login_otp_not_received,1,new_case,0.2667055130004883
0.5858,3,login_otp_not_received,2,new_case,0.42486777901649475
0.5858,4,login_otp_not_received,3,new_case,0.4465062618255615
0.5858,5,login_otp_not_received,3,merge,0.5919799208641052
0.5858,6,login_otp_not_received,4,new_case,0.5580952763557434
0.5858,7,login_otp_not_received,0,merge,0.8217591643333435
0.5858,8,login_otp_not_received,1,merge,0.7698342204093933
0.5858,9,login_otp_not_received,2,merge,0.8578571081161499
0.5858,10,login_otp_not_received,3,merge,0.9136338829994202
0.5858,11,login_otp_not_received,1,merge,0.6965824961662292
0.5858,12,login_otp_not_received,4,merge,0.844021201133728
0.5858,13,login_otp_not_received,1,merge,0.7217614054679871
0.5858,14,login_otp_not_received,1,merge,0.9360334277153015
0.5858,15,login_otp_not_received,2,merge,0.8968369960784912
0.5858,16,login_otp_not_received,1,merge,0.771324098110199
0.5858,17,login_otp_not_received,1,merge,0.6252322793006897
0.5858,18,login_otp_not_received,4,merge,0.7662564516067505
0.5858,19,login_otp_not_received,0,merge,0.8691017031669617
0.5858,20,login_otp_not_received,1,merge,0.7698342204093933
0.5858,21,login_otp_not_received,2,merge,0.8786202073097229
0.5858,22,login_otp_not_received,3,merge,0.8118219971656799
0.5858,23,login_otp_not_received,1,merge,0.7420187592506409
0.5858,24,login_otp_not_received,4,merge,0.7591396570205688
0.5858,25,password_reset_broken,5,new_case,0.31642207503318787
0.5858,26,password_reset_broken,6,new_case,0.5533178448677063
0.5858,27,password_reset_broken,5,merge,0.6305000185966492
0.5858,28,password_reset_broken,6,merge,0.8732447028160095
0.5858,29,password_reset_broken,5,merge,0.7445335984230042
0.5858,30,password_reset_broken,5,merge,0.9563254117965698
0.5858,31,password_reset_broken,6,merge,0.8367400169372559
0.5858,32,password_reset_broken,6,merge,0.8479186296463013
0.5858,33,password_reset_broken,7,new_case,0.39193278551101685
0.5858,34,password_reset_broken,5,merge,0.6306602358818054
0.5858,35,password_reset_broken,5,merge,0.9907218217849731
0.5858,36,password_reset_broken,1,merge,0.6159050464630127
0.5858,37,password_reset_broken,5,merge,0.7520917057991028
0.5858,38,password_reset_broken,7,merge,0.9910622835159302
0.5858,39,password_reset_broken,5,merge,0.5965078473091125
0.5858,40,password_reset_broken,5,merge,0.963538646697998
0.5858,41,password_reset_broken,6,merge,0.7417066097259521
0.5858,42,password_reset_broken,1,merge,0.6238049268722534
0.5858,43,password_reset_broken,7,merge,0.8129048943519592
0.5858,44,password_reset_broken,5,merge,0.5955207943916321
0.5858,45,session_logs_out_randomly,8,new_case,0.22712381184101105
0.5858,46,session_logs_out_randomly,9,new_case,0.28683197498321533
0.5858,47,session_logs_out_randomly,10,new_case,0.2684297561645508
0.5858,48,session_logs_out_randomly,11,new_case,0.5385885238647461
0.5858,49,session_logs_out_randomly,12,new_case,0.4461103081703186
0.5858,50,session_logs_out_randomly,8,merge,0.933376133441925
0.5858,51,session_logs_out_randomly,9,merge,0.7896391749382019
0.5858,52,session_logs_out_randomly,10,merge,0.7803875803947449
0.5858,53,session_logs_out_randomly,11,merge,0.8532334566116333
0.5858,54,session_logs_out_randomly,12,merge,0.8889215588569641
0.5858,55,session_logs_out_randomly,8,merge,0.7798811793327332
0.5858,56,session_logs_out_randomly,9,merge,0.8111405372619629
0.5858,57,session_logs_out_randomly,10,merge,0.9909282326698303
0.5858,58,session_logs_out_randomly,11,merge,0.8986985087394714
0.5858,59,session_logs_out_randomly,12,merge,0.8137202858924866
0.5858,60,session_logs_out_randomly,8,merge,0.9401624798774719
0.5858,61,session_logs_out_randomly,9,merge,0.884676992893219
0.5858,62,session_logs_out_randomly,10,merge,0.8851832151412964
0.5858,63,session_logs_out_randomly,11,merge,0.7921440005302429
0.5858,64,session_logs_out_randomly,12,merge,0.9400532841682434
0.5858,65,sso_login_fails,6,merge,0.59538334608078
0.5858,66,sso_login_fails,13,new_case,0.2839038074016571
0.5858,67,sso_login_fails,14,new_case,0.4238780736923218
0.5858,68,sso_login_fails,15,new_case,0.45971524715423584
0.5858,69,sso_login_fails,14,merge,0.6352653503417969
0.5858,70,sso_login_fails,13,merge,0.9778639674186707
0.5858,71,sso_login_fails,14,merge,0.9777021408081055
0.5858,72,sso_login_fails,15,merge,0.7560910582542419
0.5858,73,sso_login_fails,14,merge,0.6550468802452087
0.5858,74,sso_login_fails,13,merge,0.9761760830879211
0.5858,75,sso_login_fails,14,merge,0.9016421437263489
0.5858,76,sso_login_fails,15,merge,0.763627290725708
0.5858,77,sso_login_fails,14,merge,0.5893428325653076
0.5858,78,sso_login_fails,13,merge,0.9907960891723633
0.5858,79,sso_login_fails,14,merge,0.9777021408081055
0.5858,80,sso_login_fails,15,merge,0.7893831133842468
0.5858,81,account_locked_incorrectly,16,new_case,0.3933478891849518
0.5858,82,account_locked_incorrectly,16,merge,0.6011675596237183
0.5858,83,account_locked_incorrectly,1,merge,0.6629511117935181
0.5858,84,account_locked_incorrectly,17,new_case,0.3330423831939697
0.5858,85,account_locked_incorrectly,16,merge,0.9152959585189819
0.5858,86,account_locked_incorrectly,18,new_case,0.5240006446838379
0.5858,87,account_locked_incorrectly,19,new_case,0.5707516074180603
0.5858,88,account_locked_incorrectly,17,merge,0.8563872575759888
0.5858,89,account_locked_incorrectly,16,merge,0.8582189679145813
0.5858,90,account_locked_incorrectly,18,merge,0.8168503642082214
0.5858,91,account_locked_incorrectly,19,merge,0.9130499362945557
0.5858,92,account_locked_incorrectly,17,merge,0.8881054520606995
0.5858,93,account_locked_incorrectly,16,merge,0.8758970499038696
0.5858,94,account_locked_incorrectly,18,merge,0.9602218866348267
0.5858,95,account_locked_incorrectly,19,merge,0.8362973928451538
0.5858,96,account_locked_incorrectly,17,merge,0.7606394290924072
0.5858,97,mfa_setup_fails,1,merge,0.6806743741035461
0.5858,98,mfa_setup_fails,20,new_case,0.23427143692970276
0.5858,99,mfa_setup_fails,21,new_case,0.37242990732192993
0.5858,100,mfa_setup_fails,22,new_case,0.5803845524787903
0.5858,101,mfa_setup_fails,20,merge,0.8580214381217957
0.5858,102,mfa_setup_fails,21,merge,0.8468036651611328
0.5858,103,mfa_setup_fails,22,merge,0.8569504022598267
0.5858,104,mfa_setup_fails,20,merge,0.8782580494880676
0.5858,105,mfa_setup_fails,21,merge,0.7894876599311829
0.5858,106,mfa_setup_fails,22,merge,0.9647721648216248
0.5858,107,mfa_setup_fails,20,merge,0.8047574162483215
0.5858,108,mfa_setup_fails,21,merge,0.7546298503875732
0.5858,109,cant_change_email,23,new_case,0.5426230430603027
0.5858,110,cant_change_email,15,merge,0.6783766746520996
0.5858,111,cant_change_email,23,merge,0.77622389793396
0.5858,112,cant_change_email,24,new_case,0.5133922100067139
0.5858,113,cant_change_email,23,merge,0.8304831385612488
0.5858,114,cant_change_email,24,merge,0.9057762622833252
0.5858,115,cant_change_email,23,merge,0.7142510414123535
0.5858,116,cant_change_email,24,merge,0.8596386909484863
0.5858,117,double_charged,25,new_case,0.5307401418685913
0.5858,118,double_charged,26,new_case,0.319979727268219
0.5858,119,double_charged,27,new_case,0.39840155839920044
0.5858,120,double_charged,28,new_case,0.2707623243331909
0.5858,121,double_charged,25,merge,0.8190362453460693
0.5858,122,double_charged,25,merge,0.9511309862136841
0.5858,123,double_charged,26,merge,0.8062991499900818
0.5858,124,double_charged,27,merge,0.7529895305633545
0.5858,125,double_charged,28,merge,0.9517946839332581
0.5858,126,double_charged,25,merge,0.6748124361038208
0.5858,127,double_charged,25,merge,0.9233217239379883
0.5858,128,double_charged,26,merge,0.8062991499900818
0.5858,129,double_charged,27,merge,0.7332435846328735
0.5858,130,double_charged,27,merge,0.6316313147544861
0.5858,131,double_charged,25,merge,0.7905070781707764
0.5858,132,double_charged,25,merge,0.9233217239379883
0.5858,133,double_charged,26,merge,0.8146034479141235
0.5858,134,double_charged,27,merge,0.7488172054290771
0.5858,135,double_charged,25,merge,0.8102684617042542
0.5858,136,double_charged,25,merge,0.7648080587387085
0.5858,137,refund_not_processed,29,new_case,0.37596023082733154
0.5858,138,refund_not_processed,30,new_case,0.3876018524169922
0.5858,139,refund_not_processed,31,new_case,0.47669175267219543
0.5858,140,refund_not_processed,29,merge,0.6284149289131165
0.5858,141,refund_not_processed,29,merge,0.6472089886665344
0.5858,142,refund_not_processed,29,merge,0.8055320978164673
0.5858,143,refund_not_processed,30,merge,0.8146769404411316
0.5858,144,refund_not_processed,31,merge,0.7656302452087402
0.5858,145,refund_not_processed,32,new_case,0.4545237123966217
0.5858,146,refund_not_processed,33,new_case,0.5756776928901672
0.5858,147,refund_not_processed,29,merge,0.8647406697273254
0.5858,148,refund_not_processed,30,merge,0.8146769404411316
0.5858,149,refund_not_processed,31,merge,0.8095205426216125
0.5858,150,refund_not_processed,32,merge,0.8653780817985535
0.5858,151,refund_not_processed,33,merge,0.8315739631652832
0.5858,152,refund_not_processed,29,merge,0.7620565295219421
0.5858,153,refund_not_processed,30,merge,0.885567307472229
0.5858,154,refund_not_processed,31,merge,0.8399051427841187
0.5858,155,refund_not_processed,32,merge,0.9562543034553528
0.5858,156,refund_not_processed,33,merge,0.7398866415023804
0.5858,157,invoice_missing_details,34,new_case,0.288843035697937
0.5858,158,invoice_missing_details,35,new_case,0.4332294166088104
0.5858,159,invoice_missing_details,35,merge,0.6007558703422546
0.5858,160,invoice_missing_details,36,new_case,0.4878813326358795
0.5858,161,invoice_missing_details,34,merge,0.7609837651252747
0.5858,162,invoice_missing_details,35,merge,0.7175164222717285
0.5858,163,invoice_missing_details,37,new_case,0.2623867690563202
0.5858,164,invoice_missing_details,36,merge,0.9206868410110474
0.5858,165,invoice_missing_details,34,merge,0.8756492733955383
0.5858,166,invoice_missing_details,35,merge,0.834182620048523
0.5858,167,invoice_missing_details,37,merge,0.8125043511390686
0.5858,168,invoice_missing_details,36,merge,0.7425302267074585
0.5858,169,invoice_missing_details,34,merge,0.8239709734916687
0.5858,170,invoice_missing_details,35,merge,0.6866950988769531
0.5858,171,invoice_missing_details,37,merge,0.8675277233123779
0.5858,172,invoice_missing_details,36,merge,0.9678207039833069
0.5858,173,subscription_upgrade_failed,38,new_case,0.19769126176834106
0.5858,174,subscription_upgrade_failed,39,new_case,0.32381778955459595
0.5858,175,subscription_upgrade_failed,40,new_case,0.46742379665374756
0.5858,176,subscription_upgrade_failed,13,merge,0.692240834236145
0.5858,177,subscription_upgrade_failed,38,merge,0.9651221036911011
0.5858,178,subscription_upgrade_failed,39,merge,0.6834006309509277
0.5858,179,subscription_upgrade_failed,40,merge,0.865842878818512
0.5858,180,subscription_upgrade_failed,13,merge,0.7032921314239502
0.5858,181,subscription_upgrade_failed,38,merge,0.9024829864501953
0.5858,182,subscription_upgrade_failed,39,merge,0.8248224258422852
0.5858,183,subscription_upgrade_failed,40,merge,0.8816148042678833
0.5858,184,subscription_upgrade_failed,13,merge,0.7204743027687073
0.5858,185,subscription_upgrade_failed,38,merge,0.7909665107727051
0.5858,186,subscription_upgrade_failed,39,merge,0.7267614603042603
0.5858,187,subscription_upgrade_failed,40,merge,0.788456380367279
0.5858,188,subscription_upgrade_failed,13,merge,0.6775462627410889
0.5858,189,wallet_balance_incorrect,41,new_case,0.40202096104621887
0.5858,190,wallet_balance_incorrect,42,new_case,0.5237278938293457
0.5858,191,wallet_balance_incorrect,43,new_case,0.3824789524078369
0.5858,192,wallet_balance_incorrect,41,merge,0.9738546013832092
0.5858,193,wallet_balance_incorrect,42,merge,0.9491745233535767
0.5858,194,wallet_balance_incorrect,43,merge,0.8915628790855408
0.5858,195,wallet_balance_incorrect,27,merge,0.7422468066215515
0.5858,196,wallet_balance_incorrect,42,merge,0.7696413993835449
0.5858,197,wallet_balance_incorrect,43,merge,0.8822520971298218
0.5858,198,wallet_balance_incorrect,41,merge,0.976531982421875
0.5858,199,wallet_balance_incorrect,42,merge,0.8217779994010925
0.5858,200,wallet_balance_incorrect,43,merge,0.8627697229385376
0.5858,201,card_declined_incorrectly,41,merge,0.6110018491744995
0.5858,202,card_declined_incorrectly,44,new_case,0.49213486909866333
0.5858,203,card_declined_incorrectly,45,new_case,0.4578511118888855
0.5858,204,card_declined_incorrectly,44,merge,0.7583488821983337
0.5858,205,card_declined_incorrectly,45,merge,0.8374026417732239
0.5858,206,card_declined_incorrectly,44,merge,0.7603337168693542
0.5858,207,card_declined_incorrectly,45,merge,0.8374026417732239
0.5858,208,card_declined_incorrectly,44,merge,0.7588704228401184
0.5858,209,cannot_cancel_subscription,46,new_case,0.3754085600376129
0.5858,210,cannot_cancel_subscription,47,new_case,0.5629515647888184
0.5858,211,cannot_cancel_subscription,46,merge,0.8375664949417114
0.5858,212,cannot_cancel_subscription,47,merge,0.6958970427513123
0.5858,213,cannot_cancel_subscription,46,merge,0.8105925917625427
0.5858,214,cannot_cancel_subscription,47,merge,0.9907523393630981
0.5858,215,cannot_cancel_subscription,46,merge,0.8539010882377625
0.5858,216,cannot_cancel_subscription,47,merge,0.6958970427513123
0.5858,217,app_crashes_on_open,44,merge,0.6044003367424011
0.5858,218,app_crashes_on_open,48,new_case,0.5045384764671326
0.5858,219,app_crashes_on_open,49,new_case,0.1653107851743698
0.5858,220,app_crashes_on_open,48,merge,0.6423612236976624
0.5858,221,app_crashes_on_open,50,new_case,0.45023614168167114
0.5858,222,app_crashes_on_open,51,new_case,0.5604833364486694
0.5858,223,app_crashes_on_open,48,merge,0.7946329712867737
0.5858,224,app_crashes_on_open,49,merge,0.8836705684661865
0.5858,225,app_crashes_on_open,48,merge,0.6181750893592834
0.5858,226,app_crashes_on_open,50,merge,0.9198032021522522
0.5858,227,app_crashes_on_open,51,merge,0.8261979818344116
0.5858,228,app_crashes_on_open,48,merge,0.8093708753585815
0.5858,229,app_crashes_on_open,49,merge,0.644585371017456
0.5858,230,app_crashes_on_open,48,merge,0.6181750893592834
0.5858,231,app_crashes_on_open,50,merge,0.9912010431289673
0.5858,232,app_crashes_on_open,51,merge,0.9020479917526245
0.5858,233,app_crashes_on_open,48,merge,0.7920953035354614
0.5858,234,app_crashes_on_open,49,merge,0.8152967691421509
0.5858,235,app_crashes_on_open,48,merge,0.8006784319877625
0.5858,236,app_crashes_on_open,50,merge,0.8628438115119934
0.5858,237,dashboard_extremely_slow,52,new_case,0.49451789259910583
0.5858,238,dashboard_extremely_slow,53,new_case,0.16861942410469055
0.5858,239,dashboard_extremely_slow,54,new_case,0.3247670531272888
0.5858,240,dashboard_extremely_slow,55,new_case,0.3203922510147095
0.5858,241,dashboard_extremely_slow,56,new_case,0.4019012451171875
0.5858,242,dashboard_extremely_slow,52,merge,0.9904582500457764
0.5858,243,dashboard_extremely_slow,53,merge,0.8911691308021545
0.5858,244,dashboard_extremely_slow,54,merge,0.8330440521240234
0.5858,245,dashboard_extremely_slow,55,merge,0.92527836561203
0.5858,246,dashboard_extremely_slow,56,merge,0.9028480052947998
0.5858,247,dashboard_extremely_slow,52,merge,0.7690481543540955
0.5858,248,dashboard_extremely_slow,53,merge,0.9456639885902405
0.5858,249,dashboard_extremely_slow,54,merge,0.8330440521240234
0.5858,250,dashboard_extremely_slow,55,merge,0.8812727332115173
0.5858,251,dashboard_extremely_slow,56,merge,0.8934218287467957
0.5858,252,dashboard_extremely_slow,52,merge,0.6643888354301453
0.5858,253,dashboard_extremely_slow,53,merge,0.7048720717430115
0.5858,254,dashboard_extremely_slow,54,merge,0.9148193597793579
0.5858,255,dashboard_extremely_slow,55,merge,0.8935381770133972
0.5858,256,dashboard_extremely_slow,56,merge,0.6637433767318726
0.5858,257,sync_not_updating,57,new_case,0.389213502407074
0.5858,258,sync_not_updating,58,new_case,0.28983786702156067
0.5858,259,sync_not_updating,59,new_case,0.5508891940116882
0.5858,260,sync_not_updating,60,new_case,0.2579343616962433
0.5858,261,sync_not_updating,59,merge,0.6592055559158325
0.5858,262,sync_not_updating,57,merge,0.7999714016914368
0.5858,263,sync_not_updating,58,merge,0.8420454263687134
0.5858,264,sync_not_updating,59,merge,0.8501238226890564
0.5858,265,sync_not_updating,60,merge,0.8812278509140015
0.5858,266,sync_not_updating,59,merge,0.6033987402915955
0.5858,267,sync_not_updating,57,merge,0.7613444924354553
0.5858,268,sync_not_updating,58,merge,0.9904791712760925
0.5858,269,sync_not_updating,59,merge,0.9734922647476196
0.5858,270,sync_not_updating,60,merge,0.9688367247581482
0.5858,271,sync_not_updating,61,new_case,0.5007967352867126
0.5858,272,sync_not_updating,57,merge,0.7041892409324646
0.5858,273,sync_not_updating,58,merge,0.9293327331542969
0.5858,274,sync_not_updating,59,merge,0.8501238226890564
0.5858,275,sync_not_updating,60,merge,0.9814943075180054
0.5858,276,sync_not_updating,61,merge,0.7780548334121704
0.5858,277,sync_not_updating,57,merge,0.7408123016357422
0.5858,278,sync_not_updating,58,merge,0.9314790964126587
0.5858,279,sync_not_updating,59,merge,0.988669753074646
0.5858,280,sync_not_updating,60,merge,0.9814943075180054
0.5858,281,sync_not_updating,61,merge,0.7460753321647644
0.5858,282,sync_not_updating,57,merge,0.9544146656990051
0.5858,283,sync_not_updating,58,merge,0.9904791712760925
0.5858,284,sync_not_updating,59,merge,0.8892688155174255
0.5858,285,sync_not_updating,60,merge,0.9740539193153381
0.5858,286,sync_not_updating,61,merge,0.977601945400238
0.5858,287,sync_not_updating,57,merge,0.6868897676467896
0.5858,288,sync_not_updating,58,merge,0.8844702839851379
0.5858,289,sync_not_updating,59,merge,0.8981413841247559
0.5858,290,sync_not_updating,60,merge,0.9636933207511902
0.5858,291,sync_not_updating,61,merge,0.9218704104423523
0.5858,292,sync_not_updating,57,merge,0.8641085028648376
0.5858,293,sync_not_updating,58,merge,0.9806815981864929
0.5858,294,sync_not_updating,59,merge,0.9734922647476196
0.5858,295,sync_not_updating,60,merge,0.971152663230896
0.5858,296,sync_not_updating,61,merge,0.92945796251297
0.5858,297,update_broke_feature,62,new_case,0.4843308925628662
0.5858,298,update_broke_feature,59,merge,0.6171756386756897
0.5858,299,update_broke_feature,33,merge,0.6482085585594177
0.5858,300,update_broke_feature,63,new_case,0.4554811418056488
0.5858,301,update_broke_feature,62,merge,0.8637390732765198
0.5858,302,update_broke_feature,48,merge,0.7422971725463867
0.5858,303,update_broke_feature,62,merge,0.6887509822845459
0.5858,304,update_broke_feature,63,merge,0.9873518943786621
0.5858,305,update_broke_feature,62,merge,0.8637390732765198
0.5858,306,update_broke_feature,64,new_case,0.5600915551185608
0.5858,307,update_broke_feature,65,new_case,0.42157867550849915
0.5858,308,update_broke_feature,63,merge,0.9697975516319275
0.5858,309,update_broke_feature,62,merge,0.8805413842201233
0.5858,310,update_broke_feature,64,merge,0.9758594632148743
0.5858,311,update_broke_feature,65,merge,0.9020665287971497
0.5858,312,update_broke_feature,63,merge,0.9907983541488647
0.5858,313,connection_drops_frequently,59,merge,0.8774220943450928
0.5858,314,connection_drops_frequently,66,new_case,0.4434081017971039
0.5858,315,connection_drops_frequently,67,new_case,0.3035866320133209
0.5858,316,connection_drops_frequently,67,merge,0.6253105401992798
0.5858,317,connection_drops_frequently,66,merge,0.8744969964027405
0.5858,318,connection_drops_frequently,67,merge,0.7451745867729187
0.5858,319,connection_drops_frequently,67,merge,0.6495184898376465
0.5858,320,connection_drops_frequently,68,new_case,0.5631639957427979
0.5858,321,connection_drops_frequently,67,merge,0.7283560633659363
0.5858,322,connection_drops_frequently,67,merge,0.6495185494422913
0.5858,323,connection_drops_frequently,66,merge,0.8945579528808594
0.5858,324,connection_drops_frequently,67,merge,0.8712683320045471
0.5858,325,search_returns_nothing,69,new_case,0.5295127630233765
0.5858,326,search_returns_nothing,70,new_case,0.43743884563446045
0.5858,327,search_returns_nothing,69,merge,0.7154480218887329
0.5858,328,search_returns_nothing,70,merge,0.8282710909843445
0.5858,329,search_returns_nothing,69,merge,0.8147855997085571
0.5858,330,search_returns_nothing,70,merge,0.9163699150085449
0.5858,331,search_returns_nothing,69,merge,0.7938324213027954
0.5858,332,search_returns_nothing,70,merge,0.8757213950157166
0.5858,333,attachments_fail_to_upload,71,new_case,0.4674089848995209
0.5858,334,attachments_fail_to_upload,72,new_case,0.5695770382881165
0.5858,335,attachments_fail_to_upload,71,merge,0.7602510452270508
0.5858,336,attachments_fail_to_upload,72,merge,0.8493460416793823
0.5858,337,attachments_fail_to_upload,71,merge,0.7442291378974915
0.5858,338,attachments_fail_to_upload,72,merge,0.8814314007759094
0.5858,339,attachments_fail_to_upload,71,merge,0.6847071051597595
0.5858,340,attachments_fail_to_upload,72,merge,0.8493460416793823
0.5858,341,no_response_from_support,73,new_case,0.3830968141555786
0.5858,342,no_response_from_support,74,new_case,0.16266962885856628
0.5858,343,no_response_from_support,73,merge,0.630348265171051
0.5858,344,no_response_from_support,75,new_case,0.5423284769058228
0.5858,345,no_response_from_support,76,new_case,0.5375868082046509
0.5858,346,no_response_from_support,73,merge,0.7307983636856079
0.5858,347,no_response_from_support,74,merge,0.8472176790237427
0.5858,348,no_response_from_support,74,merge,0.6064010858535767
0.5858,349,no_response_from_support,75,merge,0.8889140486717224
0.5858,350,no_response_from_support,76,merge,0.9766594171524048
0.5858,351,no_response_from_support,73,merge,0.8705965876579285
0.5858,352,no_response_from_support,74,merge,0.9378710985183716
0.5858,353,no_response_from_support,77,new_case,0.5068667531013489
0.5858,354,no_response_from_support,75,merge,0.8370286822319031
0.5858,355,no_response_from_support,76,merge,0.8604788780212402
0.5858,356,no_response_from_support,73,merge,0.8349093198776245
0.5858,357,no_response_from_support,74,merge,0.9899791479110718
0.5858,358,no_response_from_support,77,merge,0.9678701758384705
0.5858,359,no_response_from_support,75,merge,0.8266922831535339
0.5858,360,no_response_from_support,76,merge,0.8604788780212402
0.5858,361,agent_unhelpful,73,merge,0.7601196765899658
0.5858,362,agent_unhelpful,77,merge,0.6578933000564575
0.5858,363,agent_unhelpful,78,new_case,0.18471528589725494
0.5858,364,agent_unhelpful,79,new_case,0.5134121775627136
0.5858,365,agent_unhelpful,80,new_case,0.43448424339294434
0.5858,366,agent_unhelpful,81,new_case,0.46891456842422485
0.5858,367,agent_unhelpful,78,merge,0.8892539143562317
0.5858,368,agent_unhelpful,79,merge,0.6997918486595154
0.5858,369,agent_unhelpful,80,merge,0.9499279856681824
0.5858,370,agent_unhelpful,81,merge,0.79413241147995
0.5858,371,agent_unhelpful,78,merge,0.9293781518936157
0.5858,372,agent_unhelpful,79,merge,0.9230188131332397
0.5858,373,agent_unhelpful,80,merge,0.8947231769561768
0.5858,374,agent_unhelpful,81,merge,0.7895098924636841
0.5858,375,agent_unhelpful,78,merge,0.8765093088150024
0.5858,376,agent_unhelpful,79,merge,0.9230188131332397
0.5858,377,ticket_reopened_repeatedly,78,merge,0.6369155049324036
0.5858,378,ticket_reopened_repeatedly,73,merge,0.6084537506103516
0.5858,379,ticket_reopened_repeatedly,82,new_case,0.3398289382457733
0.5858,380,ticket_reopened_repeatedly,82,merge,0.6044378280639648
0.5858,381,ticket_reopened_repeatedly,82,merge,0.6219257116317749
0.5858,382,ticket_reopened_repeatedly,82,merge,0.9173780083656311
0.5858,383,ticket_reopened_repeatedly,78,merge,0.6558936834335327
0.5858,384,ticket_reopened_repeatedly,83,new_case,0.4571458399295807
0.5858,385,ticket_reopened_repeatedly,82,merge,0.7972391247749329
0.5858,386,ticket_reopened_repeatedly,84,new_case,0.5820077657699585
0.5858,387,ticket_reopened_repeatedly,83,merge,0.9606553912162781
0.5858,388,ticket_reopened_repeatedly,82,merge,0.8847887516021729
0.5858,389,live_chat_unavailable,74,merge,0.6388615369796753
0.5858,390,live_chat_unavailable,85,new_case,0.35889559984207153
0.5858,391,live_chat_unavailable,74,merge,0.6929855346679688
0.5858,392,live_chat_unavailable,85,merge,0.8920736908912659
0.5858,393,live_chat_unavailable,74,merge,0.6990317106246948
0.5858,394,live_chat_unavailable,85,merge,0.8787943720817566
0.5858,395,live_chat_unavailable,74,merge,0.6990317106246948
0.5858,396,live_chat_unavailable,85,merge,0.9299021363258362
0.5858,397,escalation_ignored,84,merge,0.5865319967269897
0.5858,398,escalation_ignored,86,new_case,0.4232344329357147
0.5858,399,escalation_ignored,86,merge,0.6119842529296875
0.5858,400,escalation_ignored,86,merge,0.8855734467506409
0.5858,401,escalation_ignored,87,new_case,0.2953132390975952
0.5858,402,escalation_ignored,86,merge,0.870826244354248
0.5858,403,escalation_ignored,87,merge,0.8609626293182373
0.5858,404,escalation_ignored,86,merge,0.8953091502189636
0.5858,405,export_fails,88,new_case,0.24973727762699127
0.5858,406,export_fails,89,new_case,0.2457122951745987
0.5858,407,export_fails,89,merge,0.7539055943489075
0.5858,408,export_fails,90,new_case,0.5191423296928406
0.5858,409,export_fails,91,new_case,0.37811312079429626
0.5858,410,export_fails,88,merge,0.8125468492507935
0.5858,411,export_fails,89,merge,0.9455779790878296
0.5858,412,export_fails,89,merge,0.8189588189125061
0.5858,413,export_fails,90,merge,0.8174803256988525
0.5858,414,export_fails,91,merge,0.8845898509025574
0.5858,415,export_fails,88,merge,0.9526308178901672
0.5858,416,export_fails,89,merge,0.8687766790390015
0.5858,417,export_fails,89,merge,0.7531774044036865
0.5858,418,export_fails,90,merge,0.8174803256988525
0.5858,419,export_fails,91,merge,0.9823593497276306
0.5858,420,export_fails,88,merge,0.932555615901947
0.5858,421,export_fails,89,merge,0.819151759147644
0.5858,422,export_fails,89,merge,0.7222264409065247
0.5858,423,export_fails,90,merge,0.9289294481277466
0.5858,424,export_fails,91,merge,0.9755313992500305
0.5858,425,api_integration_broken,64,merge,0.7452760338783264
0.5858,426,api_integration_broken,92,new_case,0.30602630972862244
0.5858,427,api_integration_broken,93,new_case,0.5240417122840881
0.5858,428,api_integration_broken,94,new_case,0.4404599070549011
0.5858,429,api_integration_broken,64,merge,0.642135739326477
0.5858,430,api_integration_broken,92,merge,0.9338339567184448
0.5858,431,api_integration_broken,93,merge,0.8639529943466187
0.5858,432,api_integration_broken,94,merge,0.8828823566436768
0.5858,433,api_integration_broken,64,merge,0.6774680018424988
0.5858,434,api_integration_broken,92,merge,0.7744728922843933
0.5858,435,api_integration_broken,93,merge,0.8986930847167969
0.5858,436,api_integration_broken,94,merge,0.9894367456436157
0.5858,437,api_integration_broken,95,new_case,0.5782589316368103
0.5858,438,api_integration_broken,95,merge,0.6801677346229553
0.5858,439,api_integration_broken,93,merge,0.8832107186317444
0.5858,440,api_integration_broken,94,merge,0.8946213722229004
0.5858,441,permissions_not_saving,96,new_case,0.5132108330726624
0.5858,442,permissions_not_saving,33,merge,0.6235747933387756
0.5858,443,permissions_not_saving,97,new_case,0.26870423555374146
0.5858,444,permissions_not_saving,96,merge,0.9881487488746643
0.5858,445,permissions_not_saving,98,new_case,0.519166111946106
0.5858,446,permissions_not_saving,97,merge,0.7454367280006409
0.5858,447,permissions_not_saving,96,merge,0.702480673789978
0.5858,448,permissions_not_saving,98,merge,0.8616608381271362
0.5858,449,permissions_not_saving,97,merge,0.9093888401985168
0.5858,450,permissions_not_saving,96,merge,0.8153053522109985
0.5858,451,permissions_not_saving,98,merge,0.8616608381271362
0.5858,452,permissions_not_saving,97,merge,0.9180963635444641
0.5858,453,notifications_not_sent,99,new_case,0.3780874013900757
0.5858,454,notifications_not_sent,64,merge,0.5986160039901733
0.5858,455,notifications_not_sent,99,merge,0.7310615181922913
0.5858,456,notifications_not_sent,100,new_case,0.450600266456604
0.5858,457,notifications_not_sent,99,merge,0.9475298523902893
0.5858,458,notifications_not_sent,95,merge,0.722335934638977
0.5858,459,notifications_not_sent,99,merge,0.6001967787742615
0.5858,460,notifications_not_sent,95,merge,0.7197439074516296
0.5858,461,notifications_not_sent,99,merge,0.969270646572113
0.5858,462,notifications_not_sent,101,new_case,0.48328378796577454
0.5858,463,notifications_not_sent,99,merge,0.765322744846344
0.5858,464,notifications_not_sent,95,merge,0.7637758255004883
0.5858,465,notifications_not_sent,84,merge,0.7940056920051575
0.5858,466,notifications_not_sent,101,merge,0.846947193145752
0.5858,467,notifications_not_sent,69,merge,0.6619601845741272
0.5858,468,notifications_not_sent,100,merge,0.9630833268165588
0.5858,469,analytics_data_wrong,102,new_case,0.2653355002403259
0.5858,470,analytics_data_wrong,102,merge,0.7689412832260132
0.5858,471,analytics_data_wrong,103,new_case,0.47005319595336914
0.5858,472,analytics_data_wrong,102,merge,0.8613050580024719
0.5858,473,analytics_data_wrong,104,new_case,0.5290632843971252
0.5858,474,analytics_data_wrong,103,merge,0.8513058423995972
0.5858,475,analytics_data_wrong,102,merge,0.9821098446846008
0.5858,476,analytics_data_wrong,104,merge,0.8759488463401794
0.5858,477,analytics_data_wrong,103,merge,0.8513058423995972
0.5858,478,analytics_data_wrong,102,merge,0.8989067673683167
0.5858,479,analytics_data_wrong,104,merge,0.8216073513031006
0.5858,480,analytics_data_wrong,103,merge,0.9661316275596619
0.5858,481,cant_bulk_edit,105,new_case,0.49018141627311707
0.5858,482,cant_bulk_edit,106,new_case,0.4856206476688385
0.5858,483,cant_bulk_edit,105,merge,0.9562982320785522
0.5858,484,cant_bulk_edit,106,merge,0.9529818296432495
0.5858,485,cant_bulk_edit,105,merge,0.8565986156463623
0.5858,486,cant_bulk_edit,106,merge,0.87882399559021
0.5858,487,cant_bulk_edit,105,merge,0.9281708002090454
0.5858,488,cant_bulk_edit,106,merge,0.9199985265731812
0.7,1,login_otp_not_received,0,new_case,
0.7,2,login_otp_not_received,1,new_case,0.2667055130004883
0.7,3,login_otp_not_received,2,new_case,0.42486777901649475
0.7,4,login_otp_not_received,3,new_case,0.4465062618255615
0.7,5,login_otp_not_received,4,new_case,0.5919799208641052
0.7,6,login_otp_not_received,5,new_case,0.5580952763557434
0.7,7,login_otp_not_received,0,merge,0.8217591643333435
0.7,8,login_otp_not_received,1,merge,0.7698342204093933
0.7,9,login_otp_not_received,2,merge,0.8578571081161499
0.7,10,login_otp_not_received,3,merge,0.9136338829994202
0.7,11,login_otp_not_received,4,merge,0.7764771580696106
0.7,12,login_otp_not_received,5,merge,0.844021201133728
0.7,13,login_otp_not_received,1,merge,0.7217614054679871
0.7,14,login_otp_not_received,1,merge,0.9360334277153015
0.7,15,login_otp_not_received,2,merge,0.8968369960784912
0.7,16,login_otp_not_received,1,merge,0.771324098110199
0.7,17,login_otp_not_received,4,merge,0.9444707632064819
0.7,18,login_otp_not_received,5,merge,0.7662564516067505
0.7,19,login_otp_not_received,0,merge,0.8691017031669617
0.7,20,login_otp_not_received,1,merge,0.7698342204093933
0.7,21,login_otp_not_received,2,merge,0.8786202073097229
0.7,22,login_otp_not_received,3,merge,0.8118219971656799
0.7,23,login_otp_not_received,4,merge,0.7805066704750061
0.7,24,login_otp_not_received,5,merge,0.7591396570205688
0.7,25,password_reset_broken,6,new_case,0.31642207503318787
0.7,26,password_reset_broken,7,new_case,0.5533178448677063
0.7,27,password_reset_broken,8,new_case,0.6305000185966492
0.7,28,password_reset_broken,7,merge,0.8732447028160095
0.7,29,password_reset_broken,6,merge,0.7445335984230042
0.7,30,password_reset_broken,6,merge,0.9563254117965698
0.7,31,password_reset_broken,7,merge,0.8367400169372559
0.7,32,password_reset_broken,7,merge,0.8479186296463013
0.7,33,password_reset_broken,9,new_case,0.39193278551101685
0.7,34,password_reset_broken,10,new_case,0.6306602358818054
0.7,35,password_reset_broken,6,merge,0.9907218217849731
0.7,36,password_reset_broken,11,new_case,0.5807526707649231
0.7,37,password_reset_broken,8,merge,0.8642967939376831
0.7,38,password_reset_broken,9,merge,0.9910622835159302
0.7,39,password_reset_broken,10,merge,0.9908429384231567
0.7,40,password_reset_broken,6,merge,0.963538646697998
0.7,41,password_reset_broken,7,merge,0.7417066097259521
0.7,42,password_reset_broken,11,merge,0.8012583255767822
0.7,43,password_reset_broken,9,merge,0.8129048943519592
0.7,44,password_reset_broken,10,merge,0.9896237254142761
0.7,45,session_logs_out_randomly,12,new_case,0.22712358832359314
0.7,46,session_logs_out_randomly,13,new_case,0.28683197498321533
0.7,47,session_logs_out_randomly,14,new_case,0.3182387351989746
0.7,48,session_logs_out_randomly,15,new_case,0.4645273685455322
0.7,49,session_logs_out_randomly,16,new_case,0.4461103081703186
0.7,50,session_logs_out_randomly,12,merge,0.933376133441925
0.7,51,session_logs_out_randomly,13,merge,0.7896391749382019
0.7,52,session_logs_out_randomly,14,merge,0.7803875803947449
0.7,53,session_logs_out_randomly,15,merge,0.8532334566116333
0.7,54,session_logs_out_randomly,16,merge,0.8889215588569641
0.7,55,session_logs_out_randomly,12,merge,0.7798811793327332
0.7,56,session_logs_out_randomly,13,merge,0.8111405372619629
0.7,57,session_logs_out_randomly,14,merge,0.9909282326698303
0.7,58,session_logs_out_randomly,15,merge,0.8986985087394714
0.7,59,session_logs_out_randomly,16,merge,0.8137202858924866
0.7,60,session_logs_out_randomly,12,merge,0.9401624798774719
0.7,61,session_logs_out_randomly,13,merge,0.884676992893219
0.7,62,session_logs_out_randomly,14,merge,0.8851832151412964
0.7,63,session_logs_out_randomly,15,merge,0.7921440005302429
0.7,64,session_logs_out_randomly,16,merge,0.9400532841682434
0.7,65,sso_login_fails,17,new_case,0.5953834652900696
0.7,66,sso_login_fails,18,new_case,0.28390416502952576
0.7,67,sso_login_fails,19,new_case,0.6468020081520081
0.7,68,sso_login_fails,20,new_case,0.683346152305603
0.7,69,sso_login_fails,17,merge,0.714744508266449
0.7,70,sso_login_fails,18,merge,0.9778639674186707
0.7,71,sso_login_fails,19,merge,0.9777021408081055
0.7,72,sso_login_fails,17,merge,0.7644065618515015
0.7,73,sso_login_fails,17,merge,0.9913647174835205
0.7,74,sso_login_fails,18,merge,0.9761760830879211
0.7,75,sso_login_fails,19,merge,0.9016421437263489
0.7,76,sso_login_fails,20,merge,0.763627290725708
0.7,77,sso_login_fails,17,merge,0.778529942035675
0.7,78,sso_login_fails,18,merge,0.9907960891723633
0.7,79,sso_login_fails,19,merge,0.9777021408081055
0.7,80,sso_login_fails,20,merge,0.7893831133842468
0.7,81,account_locked_incorrectly,21,new_case,0.6321391463279724
0.7,82,account_locked_incorrectly,22,new_case,0.6011675596237183
0.7,83,account_locked_incorrectly,23,new_case,0.5991602540016174
0.7,84,account_locked_incorrectly,24,new_case,0.42871227860450745
0.7,85,account_locked_incorrectly,21,merge,0.9152959585189819
0.7,86,account_locked_incorrectly,22,merge,0.816710889339447
0.7,87,account_locked_incorrectly,23,merge,0.7850708961486816
0.7,88,account_locked_incorrectly,24,merge,0.8563872575759888
0.7,89,account_locked_incorrectly,21,merge,0.8582188487052917
0.7,90,account_locked_incorrectly,22,merge,0.9626327753067017
0.7,91,account_locked_incorrectly,23,merge,0.8768301010131836
0.7,92,account_locked_incorrectly,24,merge,0.8881057500839233
0.7,93,account_locked_incorrectly,21,merge,0.8758970499038696
0.7,94,account_locked_incorrectly,22,merge,0.9000733494758606
0.7,95,account_locked_incorrectly,23,merge,0.7849863767623901
0.7,96,account_locked_incorrectly,24,merge,0.7606393098831177
0.7,97,mfa_setup_fails,25,new_case,0.6806743741035461
0.7,98,mfa_setup_fails,26,new_case,0.2391977608203888
0.7,99,mfa_setup_fails,27,new_case,0.3400687277317047
0.7,100,mfa_setup_fails,25,merge,0.7837293744087219
0.7,101,mfa_setup_fails,26,merge,0.8580214381217957
0.7,102,mfa_setup_fails,27,merge,0.8468036651611328
0.7,103,mfa_setup_fails,25,merge,0.7675682902336121
0.7,104,mfa_setup_fails,26,merge,0.8782580494880676
0.7,105,mfa_setup_fails,27,merge,0.7894876599311829
0.7,106,mfa_setup_fails,25,merge,0.7885354161262512
0.7,107,mfa_setup_fails,26,merge,0.8047574162483215
0.7,108,mfa_setup_fails,27,merge,0.7546298503875732
0.7,109,cant_change_email,28,new_case,0.5426230430603027
0.7,110,cant_change_email,29,new_case,0.6783766746520996
0.7,111,cant_change_email,28,merge,0.7762237191200256
0.7,112,cant_change_email,29,merge,0.7496578693389893
0.7,113,cant_change_email,28,merge,0.8304831385612488
0.7,114,cant_change_email,29,merge,0.7726765275001526
0.7,115,cant_change_email,28,merge,0.7142510414123535
0.7,116,cant_change_email,29,merge,0.7592629790306091
0.7,117,double_charged,30,new_case,0.43807798624038696
0.7,118,double_charged,31,new_case,0.319979727268219
0.7,119,double_charged,32,new_case,0.39840155839920044
0.7,120,double_charged,33,new_case,0.2707623243331909
0.7,121,double_charged,30,merge,0.8190362453460693
0.7,122,double_charged,30,merge,0.9511309862136841
0.7,123,double_charged,31,merge,0.8062991499900818
0.7,124,double_charged,32,merge,0.7529895305633545
0.7,125,double_charged,33,merge,0.9517946839332581
0.7,126,double_charged,34,new_case,0.6748124361038208
0.7,127,double_charged,30,merge,0.9233217239379883
0.7,128,double_charged,31,merge,0.8062992095947266
0.7,129,double_charged,34,merge,0.8193410038948059
0.7,130,double_charged,35,new_case,0.631631076335907
0.7,131,double_charged,30,merge,0.7905070781707764
0.7,132,double_charged,30,merge,0.9233217239379883
0.7,133,double_charged,31,merge,0.8146034479141235
0.7,134,double_charged,32,merge,0.7488172054290771
0.7,135,double_charged,30,merge,0.8102684617042542
0.7,136,double_charged,30,merge,0.764807939529419
0.7,137,refund_not_processed,36,new_case,0.37596023082733154
0.7,138,refund_not_processed,37,new_case,0.3876017928123474
0.7,139,refund_not_processed,38,new_case,0.47669175267219543
0.7,140,refund_not_processed,39,new_case,0.6284149289131165
0.7,141,refund_not_processed,40,new_case,0.6472088694572449
0.7,142,refund_not_processed,36,merge,0.8055320978164673
0.7,143,refund_not_processed,37,merge,0.8146770596504211
0.7,144,refund_not_processed,38,merge,0.7656302452087402
0.7,145,refund_not_processed,39,merge,0.8671656847000122
0.7,146,refund_not_processed,40,merge,0.9509003758430481
0.7,147,refund_not_processed,36,merge,0.8647406697273254
0.7,148,refund_not_processed,37,merge,0.8146770596504211
0.7,149,refund_not_processed,38,merge,0.8095205426216125
0.7,150,refund_not_processed,39,merge,0.9717727899551392
0.7,151,refund_not_processed,40,merge,0.768699049949646
0.7,152,refund_not_processed,36,merge,0.7620565891265869
0.7,153,refund_not_processed,37,merge,0.885567307472229
0.7,154,refund_not_processed,38,merge,0.8399049639701843
0.7,155,refund_not_processed,39,merge,0.9573484659194946
0.7,156,refund_not_processed,40,merge,0.7542311549186707
0.7,157,invoice_missing_details,41,new_case,0.2888428866863251
0.7,158,invoice_missing_details,42,new_case,0.4332294166088104
0.7,159,invoice_missing_details,43,new_case,0.6007558703422546
0.7,160,invoice_missing_details,44,new_case,0.48788127303123474
0.7,161,invoice_missing_details,41,merge,0.7609837651252747
0.7,162,invoice_missing_details,42,merge,0.7175164222717285
0.7,163,invoice_missing_details,43,merge,0.7383154034614563
0.7,164,invoice_missing_details,44,merge,0.9206868410110474
0.7,165,invoice_missing_details,41,merge,0.8756492733955383
0.7,166,invoice_missing_details,42,merge,0.834182620048523
0.7,167,invoice_missing_details,43,merge,0.8969807624816895
0.7,168,invoice_missing_details,44,merge,0.7425302267074585
0.7,169,invoice_missing_details,41,merge,0.8239709734916687
0.7,170,invoice_missing_details,45,new_case,0.6866950988769531
0.7,171,invoice_missing_details,43,merge,0.748591423034668
0.7,172,invoice_missing_details,44,merge,0.9678207039833069
0.7,173,subscription_upgrade_failed,46,new_case,0.19769135117530823
0.7,174,subscription_upgrade_failed,47,new_case,0.30208128690719604
0.7,175,subscription_upgrade_failed,48,new_case,0.46742379665374756
0.7,176,subscription_upgrade_failed,49,new_case,0.6922408938407898
0.7,177,subscription_upgrade_failed,46,merge,0.9651221036911011
0.7,178,subscription_upgrade_failed,17,merge,0.7386758923530579
0.7,179,subscription_upgrade_failed,48,merge,0.865842878818512
0.7,180,subscription_upgrade_failed,49,merge,0.9816315770149231
0.7,181,subscription_upgrade_failed,46,merge,0.9024829864501953
0.7,182,subscription_upgrade_failed,47,merge,0.8248224258422852
0.7,183,subscription_upgrade_failed,48,merge,0.8816148042678833
0.7,184,subscription_upgrade_failed,49,merge,0.8211898803710938
0.7,185,subscription_upgrade_failed,49,merge,0.8084986209869385
0.7,186,subscription_upgrade_failed,47,merge,0.7267614603042603
0.7,187,subscription_upgrade_failed,48,merge,0.788456380367279
0.7,188,subscription_upgrade_failed,49,merge,0.9449920058250427
0.7,189,wallet_balance_incorrect,50,new_case,0.4373900592327118
0.7,190,wallet_balance_incorrect,51,new_case,0.5185034871101379
0.7,191,wallet_balance_incorrect,52,new_case,0.3824789524078369
0.7,192,wallet_balance_incorrect,50,merge,0.9738546013832092
0.7,193,wallet_balance_incorrect,51,merge,0.9491745233535767
0.7,194,wallet_balance_incorrect,52,merge,0.8915628790855408
0.7,195,wallet_balance_incorrect,32,merge,0.7422469258308411
0.7,196,wallet_balance_incorrect,51,merge,0.7696413993835449
0.7,197,wallet_balance_incorrect,52,merge,0.8822520971298218
0.7,198,wallet_balance_incorrect,50,merge,0.976531982421875
0.7,199,wallet_balance_incorrect,51,merge,0.8217779994010925
0.7,200,wallet_balance_incorrect,52,merge,0.8627697229385376
0.7,201,card_declined_incorrectly,53,new_case,0.6110018491744995
0.7,202,card_declined_incorrectly,54,new_case,0.5934741497039795
0.7,203,card_declined_incorrectly,53,merge,0.8739542365074158
0.7,204,card_declined_incorrectly,54,merge,0.7583488821983337
0.7,205,card_declined_incorrectly,53,merge,0.8312797546386719
0.7,206,card_declined_incorrectly,54,merge,0.7603335976600647
0.7,207,card_declined_incorrectly,53,merge,0.8312797546386719
0.7,208,card_declined_incorrectly,54,merge,0.7588704228401184
0.7,209,cannot_cancel_subscription,55,new_case,0.36646878719329834
0.7,210,cannot_cancel_subscription,56,new_case,0.5526140928268433
0.7,211,cannot_cancel_subscription,55,merge,0.8375664949417114
0.7,212,cannot_cancel_subscription,57,new_case,0.6958970427513123
0.7,213,cannot_cancel_subscription,55,merge,0.8105925917625427
0.7,214,cannot_cancel_subscription,56,merge,0.9907523393630981
0.7,215,cannot_cancel_subscription,55,merge,0.8539010882377625
0.7,216,cannot_cancel_subscription,57,merge,0.9911649823188782
0.7,217,app_crashes_on_open,58,new_case,0.6044003367424011
0.7,218,app_crashes_on_open,59,new_case,0.5047910809516907
0.7,219,app_crashes_on_open,60,new_case,0.5932027101516724
0.7,220,app_crashes_on_open,61,new_case,0.6423612236976624
0.7,221,app_crashes_on_open,62,new_case,0.3817976415157318
0.7,222,app_crashes_on_open,63,new_case,0.6955287456512451
0.7,223,app_crashes_on_open,59,merge,0.7946329712867737
0.7,224,app_crashes_on_open,60,merge,0.8836705684661865
0.7,225,app_crashes_on_open,61,merge,0.8986570835113525
0.7,226,app_crashes_on_open,62,merge,0.9198032021522522
0.7,227,app_crashes_on_open,63,merge,0.8261979222297668
0.7,228,app_crashes_on_open,59,merge,0.8093708753585815
0.7,229,app_crashes_on_open,58,merge,0.7763823866844177
0.7,230,app_crashes_on_open,61,merge,0.8986570835113525
0.7,231,app_crashes_on_open,62,merge,0.9912010431289673
0.7,232,app_crashes_on_open,63,merge,0.9020479917526245
0.7,233,app_crashes_on_open,59,merge,0.7920953035354614
0.7,234,app_crashes_on_open,60,merge,0.8152967691421509
0.7,235,app_crashes_on_open,59,merge,0.8006784319877625
0.7,236,app_crashes_on_open,62,merge,0.8628438115119934
0.7,237,dashboard_extremely_slow,64,new_case,0.49451789259910583
0.7,238,dashboard_extremely_slow,65,new_case,0.16861942410469055
0.7,239,dashboard_extremely_slow,66,new_case,0.34998223185539246
0.7,240,dashboard_extremely_slow,67,new_case,0.3203922510147095
0.7,241,dashboard_extremely_slow,68,new_case,0.4019012451171875
0.7,242,dashboard_extremely_slow,64,merge,0.9904582500457764
0.7,243,dashboard_extremely_slow,65,merge,0.8911691308021545
0.7,244,dashboard_extremely_slow,66,merge,0.8330440521240234
0.7,245,dashboard_extremely_slow,67,merge,0.92527836561203
0.7,246,dashboard_extremely_slow,68,merge,0.9028480052947998
0.7,247,dashboard_extremely_slow,64,merge,0.7690481543540955
0.7,248,dashboard_extremely_slow,65,merge,0.9456639885902405
0.7,249,dashboard_extremely_slow,66,merge,0.8330440521240234
0.7,250,dashboard_extremely_slow,67,merge,0.8812727332115173
0.7,251,dashboard_extremely_slow,68,merge,0.8934218287467957
0.7,252,dashboard_extremely_slow,69,new_case,0.6643888354301453
0.7,253,dashboard_extremely_slow,65,merge,0.7048720717430115
0.7,254,dashboard_extremely_slow,66,merge,0.9148193597793579
0.7,255,dashboard_extremely_slow,67,merge,0.8935381770133972
0.7,256,dashboard_extremely_slow,70,new_case,0.6637433767318726
0.7,257,sync_not_updating,71,new_case,0.3808479905128479
0.7,258,sync_not_updating,72,new_case,0.3751201033592224
0.7,259,sync_not_updating,73,new_case,0.5508891940116882
0.7,260,sync_not_updating,74,new_case,0.2579343616962433
0.7,261,sync_not_updating,75,new_case,0.6592055559158325
0.7,262,sync_not_updating,71,merge,0.7999714016914368
0.7,263,sync_not_updating,72,merge,0.8420454263687134
0.7,264,sync_not_updating,73,merge,0.8501238226890564
0.7,265,sync_not_updating,74,merge,0.8812278509140015
0.7,266,sync_not_updating,75,merge,0.9239701628684998
0.7,267,sync_not_updating,71,merge,0.7613444924354553
0.7,268,sync_not_updating,72,merge,0.9904791712760925
0.7,269,sync_not_updating,73,merge,0.9734922647476196
0.7,270,sync_not_updating,74,merge,0.9688367247581482
0.7,271,sync_not_updating,75,merge,0.9094470739364624
0.7,272,sync_not_updating,71,merge,0.7041892409324646
0.7,273,sync_not_updating,72,merge,0.9293327331542969
0.7,274,sync_not_updating,73,merge,0.8501238226890564
0.7,275,sync_not_updating,74,merge,0.9814943075180054
0.7,276,sync_not_updating,75,merge,0.8204262852668762
0.7,277,sync_not_updating,71,merge,0.7408123016357422
0.7,278,sync_not_updating,72,merge,0.9314790964126587
0.7,279,sync_not_updating,73,merge,0.988669753074646
0.7,280,sync_not_updating,74,merge,0.9814943075180054
0.7,281,sync_not_updating,75,merge,0.7298759818077087
0.7,282,sync_not_updating,71,merge,0.9544146656990051
0.7,283,sync_not_updating,72,merge,0.9904791712760925
0.7,284,sync_not_updating,73,merge,0.8892688155174255
0.7,285,sync_not_updating,74,merge,0.9740539193153381
0.7,286,sync_not_updating,75,merge,0.9558545351028442
0.7,287,sync_not_updating,76,new_case,0.6868897676467896
0.7,288,sync_not_updating,72,merge,0.8844702839851379
0.7,289,sync_not_updating,73,merge,0.8981413841247559
0.7,290,sync_not_updating,74,merge,0.9636932015419006
0.7,291,sync_not_updating,75,merge,0.9699000120162964
0.7,292,sync_not_updating,71,merge,0.8641085624694824
0.7,293,sync_not_updating,72,merge,0.9806815981864929
0.7,294,sync_not_updating,73,merge,0.9734922647476196
0.7,295,sync_not_updating,74,merge,0.971152663230896
0.7,296,sync_not_updating,75,merge,0.8568553328514099
0.7,297,update_broke_feature,77,new_case,0.4843308925628662
0.7,298,update_broke_feature,78,new_case,0.6171757578849792
0.7,299,update_broke_feature,79,new_case,0.5879522562026978
0.7,300,update_broke_feature,80,new_case,0.4554811418056488
0.7,301,update_broke_feature,77,merge,0.8637390732765198
0.7,302,update_broke_feature,78,merge,0.7863044738769531
0.7,303,update_broke_feature,79,merge,0.7524389028549194
0.7,304,update_broke_feature,80,merge,0.9873518943786621
0.7,305,update_broke_feature,77,merge,0.8637390732765198
0.7,306,update_broke_feature,78,merge,0.9218286871910095
0.7,307,update_broke_feature,79,merge,0.8747491240501404
0.7,308,update_broke_feature,80,merge,0.9697975516319275
0.7,309,update_broke_feature,77,merge,0.8805415034294128
0.7,310,update_broke_feature,78,merge,0.913915753364563
0.7,311,update_broke_feature,79,merge,0.9906762838363647
0.7,312,update_broke_feature,80,merge,0.9907983541488647
0.7,313,connection_drops_frequently,73,merge,0.8774220943450928
0.7,314,connection_drops_frequently,81,new_case,0.4434081017971039
0.7,315,connection_drops_frequently,82,new_case,0.3035866320133209
0.7,316,connection_drops_frequently,83,new_case,0.6253105401992798
0.7,317,connection_drops_frequently,81,merge,0.8744969964027405
0.7,318,connection_drops_frequently,82,merge,0.7451745867729187
0.7,319,connection_drops_frequently,83,merge,0.9718261361122131
0.7,320,connection_drops_frequently,70,merge,0.763588547706604
0.7,321,connection_drops_frequently,82,merge,0.7283560633659363
0.7,322,connection_drops_frequently,83,merge,0.9718261361122131
0.7,323,connection_drops_frequently,81,merge,0.8945579528808594
0.7,324,connection_drops_frequently,82,merge,0.8712683320045471
0.7,325,search_returns_nothing,84,new_case,0.42737799882888794
0.7,326,search_returns_nothing,85,new_case,0.43743884563446045
0.7,327,search_returns_nothing,84,merge,0.7154480218887329
0.7,328,search_returns_nothing,85,merge,0.8282710909843445
0.7,329,search_returns_nothing,84,merge,0.8147855997085571
0.7,330,search_returns_nothing,85,merge,0.9163699150085449
0.7,331,search_returns_nothing,84,merge,0.7938324809074402
0.7,332,search_returns_nothing,85,merge,0.8757215738296509
0.7,333,attachments_fail_to_upload,86,new_case,0.4104291498661041
0.7,334,attachments_fail_to_upload,87,new_case,0.5695770382881165
0.7,335,attachments_fail_to_upload,86,merge,0.7602510452270508
0.7,336,attachments_fail_to_upload,87,merge,0.8493460416793823
0.7,337,attachments_fail_to_upload,86,merge,0.7442291378974915
0.7,338,attachments_fail_to_upload,87,merge,0.8814314007759094
0.7,339,attachments_fail_to_upload,88,new_case,0.6847071051597595
0.7,340,attachments_fail_to_upload,87,merge,0.8493460416793823
0.7,341,no_response_from_support,89,new_case,0.38309672474861145
0.7,342,no_response_from_support,90,new_case,0.16266962885856628
0.7,343,no_response_from_support,91,new_case,0.630348265171051
0.7,344,no_response_from_support,92,new_case,0.5423284769058228
0.7,345,no_response_from_support,93,new_case,0.5375868082046509
0.7,346,no_response_from_support,89,merge,0.7307983636856079
0.7,347,no_response_from_support,90,merge,0.8472176790237427
0.7,348,no_response_from_support,91,merge,0.8229719996452332
0.7,349,no_response_from_support,92,merge,0.8889140486717224
0.7,350,no_response_from_support,93,merge,0.9766594171524048
0.7,351,no_response_from_support,89,merge,0.8705965876579285
0.7,352,no_response_from_support,90,merge,0.9378710985183716
0.7,353,no_response_from_support,91,merge,0.8731857538223267
0.7,354,no_response_from_support,92,merge,0.8370286822319031
0.7,355,no_response_from_support,93,merge,0.8604788780212402
0.7,356,no_response_from_support,89,merge,0.8349092602729797
0.7,357,no_response_from_support,90,merge,0.9899791479110718
0.7,358,no_response_from_support,91,merge,0.8637699484825134
0.7,359,no_response_from_support,92,merge,0.8266922831535339
0.7,360,no_response_from_support,93,merge,0.8604788780212402
0.7,361,agent_unhelpful,89,merge,0.7601197361946106
0.7,362,agent_unhelpful,94,new_case,0.5274019241333008
0.7,363,agent_unhelpful,95,new_case,0.18471528589725494
0.7,364,agent_unhelpful,96,new_case,0.5134121179580688
0.7,365,agent_unhelpful,97,new_case,0.594846785068512
0.7,366,agent_unhelpful,94,merge,0.768848717212677
0.7,367,agent_unhelpful,95,merge,0.8892539143562317
0.7,368,agent_unhelpful,98,new_case,0.6997918486595154
0.7,369,agent_unhelpful,97,merge,0.9499279856681824
0.7,370,agent_unhelpful,94,merge,0.8177456259727478
0.7,371,agent_unhelpful,95,merge,0.9293781518936157
0.7,372,agent_unhelpful,96,merge,0.9230188131332397
0.7,373,agent_unhelpful,97,merge,0.8947231769561768
0.7,374,agent_unhelpful,94,merge,0.8683654069900513
0.7,375,agent_unhelpful,95,merge,0.8765093088150024
0.7,376,agent_unhelpful,96,merge,0.9230188131332397
0.7,377,ticket_reopened_repeatedly,99,new_case,0.6369155049324036
0.7,378,ticket_reopened_repeatedly,100,new_case,0.6112754344940186
0.7,379,ticket_reopened_repeatedly,101,new_case,0.5145862698554993
0.7,380,ticket_reopened_repeatedly,99,merge,0.7930359840393066
0.7,381,ticket_reopened_repeatedly,100,merge,0.9561994671821594
0.7,382,ticket_reopened_repeatedly,101,merge,0.9173780083656311
0.7,383,ticket_reopened_repeatedly,99,merge,0.8590635657310486
0.7,384,ticket_reopened_repeatedly,100,merge,0.8879184722900391
0.7,385,ticket_reopened_repeatedly,101,merge,0.7972391247749329
0.7,386,ticket_reopened_repeatedly,99,merge,0.8177794814109802
0.7,387,ticket_reopened_repeatedly,100,merge,0.9784256815910339
0.7,388,ticket_reopened_repeatedly,101,merge,0.8847887516021729
0.7,389,live_chat_unavailable,91,merge,0.7060437202453613
0.7,390,live_chat_unavailable,102,new_case,0.35889559984207153
0.7,391,live_chat_unavailable,103,new_case,0.6929855346679688
0.7,392,live_chat_unavailable,102,merge,0.8920736908912659
0.7,393,live_chat_unavailable,103,merge,0.953681230545044
0.7,394,live_chat_unavailable,102,merge,0.8787943720817566
0.7,395,live_chat_unavailable,103,merge,0.953681230545044
0.7,396,live_chat_unavailable,102,merge,0.9299021363258362
0.7,397,escalation_ignored,98,merge,0.7064436674118042
0.7,398,escalation_ignored,104,new_case,0.4232344627380371
0.7,399,escalation_ignored,105,new_case,0.6119842529296875
0.7,400,escalation_ignored,104,merge,0.8855734467506409
0.7,401,escalation_ignored,105,merge,0.7570443749427795
0.7,402,escalation_ignored,104,merge,0.870826244354248
0.7,403,escalation_ignored,105,merge,0.7323511838912964
0.7,404,escalation_ignored,104,merge,0.8953091502189636
0.7,405,export_fails,106,new_case,0.25608140230178833
0.7,406,export_fails,107,new_case,0.2457122951745987
0.7,407,export_fails,107,merge,0.7539055943489075
0.7,408,export_fails,108,new_case,0.5191423296928406
0.7,409,export_fails,109,new_case,0.5736936330795288
0.7,410,export_fails,106,merge,0.8125467896461487
0.7,411,export_fails,107,merge,0.9455779790878296
0.7,412,export_fails,107,merge,0.8189588189125061
0.7,413,export_fails,108,merge,0.8174803256988525
0.7,414,export_fails,109,merge,0.8845898509025574
0.7,415,export_fails,106,merge,0.9526308178901672
0.7,416,export_fails,107,merge,0.8687766790390015
0.7,417,export_fails,107,merge,0.7531774044036865
0.7,418,export_fails,108,merge,0.8174803256988525
0.7,419,export_fails,109,merge,0.9823593497276306
0.7,420,export_fails,106,merge,0.932555615901947
0.7,421,export_fails,107,merge,0.819151759147644
0.7,422,export_fails,107,merge,0.7222264409065247
0.7,423,export_fails,108,merge,0.9289294481277466
0.7,424,export_fails,109,merge,0.9755313992500305
0.7,425,api_integration_broken,78,merge,0.7225479483604431
0.7,426,api_integration_broken,110,new_case,0.30602630972862244
0.7,427,api_integration_broken,111,new_case,0.5240417122840881
0.7,428,api_integration_broken,112,new_case,0.4404599070549011
0.7,429,api_integration_broken,78,merge,0.7951052188873291
0.7,430,api_integration_broken,110,merge,0.9338339567184448
0.7,431,api_integration_broken,111,merge,0.8639529943466187
0.7,432,api_integration_broken,112,merge,0.8828823566436768
0.7,433,api_integration_broken,78,merge,0.7173311710357666
0.7,434,api_integration_broken,110,merge,0.7744728326797485
0.7,435,api_integration_broken,111,merge,0.8986930847167969
0.7,436,api_integration_broken,112,merge,0.9894367456436157
0.7,437,api_integration_broken,113,new_case,0.587793231010437
0.7,438,api_integration_broken,114,new_case,0.6801677346229553
0.7,439,api_integration_broken,111,merge,0.8832107186317444
0.7,440,api_integration_broken,112,merge,0.8946213722229004
0.7,441,permissions_not_saving,76,merge,0.7169981002807617
0.7,442,permissions_not_saving,115,new_case,0.6711323261260986
0.7,443,permissions_not_saving,116,new_case,0.31338924169540405
0.7,444,permissions_not_saving,117,new_case,0.6873431205749512
0.7,445,permissions_not_saving,115,merge,0.7935203909873962
0.7,446,permissions_not_saving,116,merge,0.7454365491867065
0.7,447,permissions_not_saving,117,merge,0.7046607732772827
0.7,448,permissions_not_saving,115,merge,0.7386701107025146
0.7,449,permissions_not_saving,116,merge,0.9093888401985168
0.7,450,permissions_not_saving,117,merge,0.7638665437698364
0.7,451,permissions_not_saving,115,merge,0.7386701107025146
0.7,452,permissions_not_saving,116,merge,0.9180963635444641
0.7,453,notifications_not_sent,118,new_case,0.3780873715877533
0.7,454,notifications_not_sent,119,new_case,0.6229985356330872
0.7,455,notifications_not_sent,118,merge,0.7310615181922913
0.7,456,notifications_not_sent,119,merge,0.7154184579849243
0.7,457,notifications_not_sent,118,merge,0.9475298523902893
0.7,458,notifications_not_sent,113,merge,0.7223361134529114
0.7,459,notifications_not_sent,120,new_case,0.6001967787742615
0.7,460,notifications_not_sent,113,merge,0.7197439074516296
0.7,461,notifications_not_sent,118,merge,0.969270646572113
0.7,462,notifications_not_sent,119,merge,0.821372926235199
0.7,463,notifications_not_sent,120,merge,0.7762349247932434
0.7,464,notifications_not_sent,113,merge,0.7637758255004883
0.7,465,notifications_not_sent,121,new_case,0.6942884922027588
0.7,466,notifications_not_sent,119,merge,0.8653589487075806
0.7,467,notifications_not_sent,121,merge,0.8109190464019775
0.7,468,notifications_not_sent,119,merge,0.7993506789207458
0.7,469,analytics_data_wrong,122,new_case,0.2653355002403259
0.7,470,analytics_data_wrong,122,merge,0.7689411640167236
0.7,471,analytics_data_wrong,123,new_case,0.47005319595336914
0.7,472,analytics_data_wrong,122,merge,0.8613050580024719
0.7,473,analytics_data_wrong,124,new_case,0.5290632843971252
0.7,474,analytics_data_wrong,123,merge,0.8513058423995972
0.7,475,analytics_data_wrong,122,merge,0.9821098446846008
0.7,476,analytics_data_wrong,124,merge,0.8759488463401794
0.7,477,analytics_data_wrong,123,merge,0.8513058423995972
0.7,478,analytics_data_wrong,122,merge,0.8989067673683167
0.7,479,analytics_data_wrong,124,merge,0.8216073513031006
0.7,480,analytics_data_wrong,123,merge,0.9661316275596619
0.7,481,cant_bulk_edit,125,new_case,0.6398977041244507
0.7,482,cant_bulk_edit,126,new_case,0.48562079668045044
0.7,483,cant_bulk_edit,125,merge,0.9562982320785522
0.7,484,cant_bulk_edit,126,merge,0.9529818296432495
0.7,485,cant_bulk_edit,125,merge,0.8565986156463623
0.7,486,cant_bulk_edit,126,merge,0.87882399559021
0.7,487,cant_bulk_edit,125,merge,0.9281708002090454
0.7,488,cant_bulk_edit,126,merge,0.9199985265731812
